symbol,Date,High,Low,Open,Close,signal,pc_sma15c_sma30c,pc_open_close,pc_high_low,pc_low_close
BAND,2019-09-17,0.7069460153579712,0.6273699998855591,0.6888449788093567,0.6401939988136292,0.0,0.0,-0.07062689210541823,-0.11256307234735283,0.020440886447246988
BAND,2019-09-18,0.6460229754447937,0.565513014793396,0.6404070258140564,0.6026309728622437,0.0,0.0,-0.058987567951481384,-0.12462398972105557,0.0656359042106366
BAND,2019-09-19,0.8927059769630432,0.588267982006073,0.6039630174636841,0.6835870146751404,0.0,0.0,0.13183588218006087,-0.34102829242015203,0.16203335143962222
BAND,2019-09-20,0.8526610136032104,0.6798719763755798,0.6810979843139648,0.8036350011825562,0.0,0.0,0.17991099620125375,-0.20264681329506495,0.18203872068203358
BAND,2019-09-21,0.9308440089225768,0.7121180295944214,0.8123769760131836,0.7287840247154236,0.0,0.0,-0.10289921276203602,-0.23497597581502833,0.023403416889323982
BAND,2019-09-22,0.7572659850120544,0.6270849704742432,0.7236199975013733,0.6356130242347717,0.0,0.0,-0.1216204272553075,-0.17190923283810114,0.01359951866503687
BAND,2019-09-23,0.6779990196228027,0.478206992149353,0.6356509923934937,0.4917860031127929,0.0,0.0,-0.22632701120938784,-0.29467893269904993,0.028395676320849165
BAND,2019-09-24,0.5103849768638611,0.4412040114402771,0.4960080087184906,0.4677880108356476,0.0,0.0,-0.05689423837279063,-0.13554663354058158,0.060253303927561834
BAND,2019-09-25,0.5759450197219849,0.4581339955329895,0.4675329923629761,0.5187050104141235,0.0,0.0,0.10945113796679255,-0.2045525530299126,0.1322124432409042
BAND,2019-09-26,0.5338389873504639,0.4864889979362488,0.517831027507782,0.5208460092544556,0.0,0.0,0.005822327335586848,-0.088697136283023,0.07062238090471483
BAND,2019-09-27,0.5366430282592773,0.5050420165061951,0.52080899477005,0.5275359749794006,0.0,0.0,0.012916405586122245,-0.05888646658764446,0.044538786354480754
BAND,2019-09-28,0.5408989787101746,0.490896999835968,0.5297350287437439,0.5004289746284485,0.0,0.0,-0.05532209977655081,-0.09244236140626676,0.01941746393981946
BAND,2019-09-29,0.563094973564148,0.4906159937381744,0.5004289746284485,0.5112900137901306,0.0,0.0,0.021703457857823044,-0.12871537347814158,0.04213890357392074
BAND,2019-09-30,0.5241590142250061,0.4757480025291443,0.5113869905471802,0.489766001701355,0.0,0.0,-0.04227911394986975,-0.09235939930831827,0.02946517714775261
BAND,2019-10-01,0.4922820031642914,0.4660730063915252,0.489766001701355,0.48020800948143,0.0,0.0,-0.019515426115169928,-0.05323980280469308,0.03032787330753641
BAND,2019-10-02,0.5108270049095154,0.4682359993457794,0.48020800948143,0.4828700125217438,0.0,0.008492759633652747,0.005543437401613597,-0.0833765739759202,0.03125349865540249
BAND,2019-10-03,0.4858860075473785,0.4734489917755127,0.4836939871311188,0.4770649969577789,0.0,0.01396085128122322,-0.013704925737567472,-0.025596571168296223,0.007637581334169827
BAND,2019-10-04,0.483159989118576,0.4671019911766052,0.4770649969577789,0.4687190055847168,0.0,0.030444642495734257,-0.017494453431469662,-0.03323536365514292,0.0034618015736528943
BAND,2019-10-05,0.4756990075111389,0.4328689873218536,0.4698010087013244,0.4348320066928863,0.0,0.06373326282035939,-0.07443364607731105,-0.09003596709896947,0.004534904159288131
BAND,2019-10-06,0.4517549872398376,0.4127900004386902,0.4384379982948303,0.4445360004901886,0.0,0.08934568205774,0.013908471024579483,-0.08625247734223866,0.07690593284178525
BAND,2019-10-07,0.4760009944438934,0.4303419888019562,0.4442340135574341,0.4544749855995178,0.0,0.10436188630246356,0.023053102035285072,-0.09592208036304652,0.05607864773954854
BAND,2019-10-08,0.4852649867534637,0.4404760003089905,0.4546610116958618,0.4713619947433471,0.0,0.10160786370777096,0.03673282427536837,-0.09229799731507936,0.07011958520484737
BAND,2019-10-09,0.4795820116996765,0.4332999885082245,0.4714280068874359,0.4399049878120422,0.0,0.09790970701050727,-0.0668670902340356,-0.09650491899690916,0.015243479065295022
BAND,2019-10-10,0.456290990114212,0.4204869866371155,0.4432750046253204,0.4420439898967743,0.0,0.10104828153663686,-0.002777090329256454,-0.07846747854507181,0.05126675484552563
BAND,2019-10-11,0.4610530138015747,0.4251289963722229,0.4422500133514404,0.4310480058193207,0.0,0.10566912455492244,-0.025329580992500406,-0.0779173248064106,0.013922855174798222
BAND,2019-10-12,0.4375270009040832,0.4195170104503631,0.4311049878597259,0.43088099360466,0.0,0.11174250922480684,-0.0005195816828238643,-0.041163152026058226,0.027088253565921736
BAND,2019-10-13,0.4597130119800567,0.4232180118560791,0.43088099360466,0.4307839870452881,0.0,0.11488611636065567,-0.00022513538729187428,-0.07938648498720509,0.01787725233155222
BAND,2019-10-14,0.4377860128879547,0.4112110137939453,0.4295629858970642,0.416386991739273,0.0,0.12087343102557963,-0.030673020233052725,-0.06070317075390644,0.01258715786226812
BAND,2019-10-15,0.4269019961357116,0.3727830052375793,0.416386991739273,0.3799520134925842,0.0,0.12717698169166794,-0.08750268132656544,-0.12677146368022127,0.019231049040006488
BAND,2019-10-16,0.3951539993286133,0.3711499869823456,0.380291998386383,0.3908649981021881,0.0,0.13205711322257602,0.02780231969293965,-0.060745968374486245,0.0531187169913071
BAND,2019-10-17,0.3974609971046448,0.3609879910945892,0.3908829987049103,0.3641709983348846,0.0,0.13191141568686246,-0.06833758556532005,-0.09176499398871299,0.008817487891062202
BAND,2019-10-18,0.3674030005931854,0.3381710052490234,0.3655650019645691,0.3417370021343231,0.0,0.13492451751285464,-0.06518129389354237,-0.07956384487052617,0.010544951607172231
BAND,2019-10-19,0.3428280055522918,0.3259440064430237,0.3421899974346161,0.334302008152008,0.0,0.13259618092846456,-0.023051489937590253,-0.04924918278501843,0.025642446382720438
BAND,2019-10-20,0.3613170087337494,0.3321009874343872,0.3342120051383972,0.3373799920082092,0.0,0.11746355438834734,0.009478973888146515,-0.08085980065469642,0.015895781023129094
BAND,2019-10-21,0.3850809931755066,0.3359490036964416,0.3359490036964416,0.3661400079727173,0.0,0.10535575442564847,0.08986781905612026,-0.12758871600986116,0.08986781905612026
BAND,2019-10-22,0.366443008184433,0.3002159893512726,0.3660500049591064,0.3044799864292145,0.0,0.10564039929285762,-0.16820111377069988,-0.18072938316189113,0.01420309786682526
BAND,2019-10-23,0.3171490132808685,0.292602002620697,0.3042159974575043,0.3122769892215729,0.0,0.1177907943160741,0.02649759326083645,-0.07739898165293209,0.06724146254863723
BAND,2019-10-24,0.3402209877967834,0.2969050109386444,0.3121309876441955,0.3255650103092193,0.0,0.12583483441594975,0.043039695502253436,-0.1273171803381276,0.09652918716315469
BAND,2019-10-25,0.3300749957561493,0.2832030057907104,0.3239350020885467,0.2908630073070526,0.0,0.13402278623174504,-0.10209453923862773,-0.14200406140447758,0.027047740877450394
BAND,2019-10-26,0.3228810131549835,0.2763909995555877,0.2908630073070526,0.3117200136184692,0.0,0.13866693229462573,0.07170731852262895,-0.14398497187903864,0.12782259234087723
BAND,2019-10-28,0.3646059930324554,0.2940129935741424,0.3117640018463135,0.3426289856433868,0.0,0.14007883831353685,0.09900111499174445,-0.19361447921134187,0.16535320931992994
BAND,2019-10-29,0.3542140126228332,0.3093039989471435,0.3426289856433868,0.3143379986286163,0.0,0.14613979544029154,-0.08257032592162585,-0.1267877951613107,0.01627524926482774
BAND,2019-10-30,0.3206680119037628,0.2951459884643554,0.3146530091762543,0.3007110059261322,0.0,0.15050373758261287,-0.04430913686991754,-0.07959017579547953,0.01885513501549377
BAND,2019-10-31,0.3332709968090057,0.2991740107536316,0.3007470071315765,0.3175140023231506,0.0,0.14866079517231334,0.05575116225259244,-0.10231009113257682,0.06130208811694504
BAND,2019-11-01,0.3224430084228515,0.2982169985771179,0.3173820078372955,0.3135350048542022,0.0,0.1497733748371706,-0.012121049360382809,-0.07513268767782869,0.05136530228045706
BAND,2019-11-02,0.3180029988288879,0.3062610030174255,0.3135350048542022,0.3128510117530823,0.0,0.14606511543896908,-0.002181552587526886,-0.036924166925169706,0.021517622781643667
BAND,2019-11-03,0.3487839996814728,0.3041569888591766,0.3125210106372833,0.3348270058631897,0.0,0.1364204931260139,0.07137438593463097,-0.12795028115696777,0.10083614096473452
BAND,2019-11-04,0.356465995311737,0.3332499861717224,0.3332499861717224,0.3368940055370331,0.0,0.12562846216751566,0.01093479224762194,-0.0651282575206415,0.01093479224762194
BAND,2019-11-05,0.3876590132713318,0.3305569887161255,0.3368940055370331,0.3664720058441162,0.0,0.11486668064411204,0.08779616087241947,-0.14729961796409782,0.10865000091961054
BAND,2019-11-06,0.3960340023040771,0.3472880125045776,0.3664650022983551,0.3490920066833496,0.0,0.11022943035405357,-0.047406970668542533,-0.12308536518556826,0.005194518998113273
BAND,2019-11-07,0.3657220005989074,0.3349219858646393,0.349382996559143,0.3544969856739044,0.0,0.09267368808125824,0.014637200908819042,-0.0842170136984648,0.0584464461439581
BAND,2019-11-08,0.3616099953651428,0.3144260048866272,0.3533239960670471,0.3559800088405609,0.0,0.07463631543143683,0.007517215935171825,-0.1304830925120603,0.13215829259706707
BAND,2019-11-09,0.3622179925441742,0.3365769982337951,0.3497189879417419,0.3405849933624267,0.0,0.06307792111751531,-0.026118097370328594,-0.07078884770543817,0.011908107653415859
BAND,2019-11-10,0.3679929971694946,0.3379170000553131,0.3411979973316192,0.3506070077419281,0.0,0.04346269213467536,0.027576394011375252,-0.08172980829939192,0.037553623181248004
BAND,2019-11-11,0.3622449934482574,0.334767997264862,0.3506070077419281,0.3368139863014221,0.0,0.029924020517693425,-0.03934040431575924,-0.07585196946916581,0.0061116625641529495
BAND,2019-11-12,0.3471600115299225,0.3276950120925903,0.3372659981250763,0.333420991897583,0.0,0.02250951507568112,-0.01140051546514734,-0.05606924412621895,0.017473503085774326
BAND,2019-11-13,0.3447229862213135,0.3299449980258941,0.33330899477005,0.3385420143604278,0.0,0.008890678128227966,0.015700205132441955,-0.042869169698860295,0.026055907457215026
BAND,2019-11-14,0.3412390053272247,0.3253709971904754,0.3379710018634796,0.3286600112915039,0.0,-0.005270031332405492,-0.027549672961992164,-0.04650115575601606,0.010108504228799092
BAND,2019-11-15,0.3286600112915039,0.3064819872379303,0.3286600112915039,0.308322012424469,0.0,-0.010623928324395772,-0.06188157417482771,-0.06748014145810664,0.006003697649970648
BAND,2019-11-16,0.3205290138721466,0.3073189854621887,0.3106789886951446,0.3159649968147278,0.0,-0.01872739882716435,0.017014372751065276,-0.04121320641265609,0.02813367140183675
BAND,2019-11-17,0.3322179913520813,0.3107709884643554,0.3159649968147278,0.3266710042953491,0.0,-0.025375854497367952,0.0338835237717772,-0.06455701812066092,0.051163127901874265
BAND,2019-11-18,0.3332400023937225,0.3044230043888092,0.326444000005722,0.3062489926815033,0.0,-0.023271306222710765,-0.061863619254342896,-0.08647520645155332,0.005998194178393755
BAND,2019-11-19,0.3167200088500976,0.2938939929008484,0.3062680065631866,0.3034319877624511,0.0,-0.01967920387415226,-0.009259925098152133,-0.07207001550714366,0.032453861228870305
BAND,2019-11-20,0.3120569884777069,0.29270800948143,0.3034319877624511,0.3107250034809112,0.0,-0.011084788158446357,0.024035091923695243,-0.062004632841796414,0.06155278781540905
BAND,2019-11-21,0.3112410008907318,0.2605159878730774,0.3106690049171448,0.264398992061615,0.0,-0.004233441720657031,-0.148936688640278,-0.16297664148517046,0.014905051395269398
BAND,2019-11-22,0.2695840001106262,0.2286210060119629,0.2646439969539642,0.2519589960575104,0.0,0.011542326062259934,-0.04793232056066779,-0.1519489067669216,0.10208156482491505
BAND,2019-11-23,0.2539820075035095,0.2359600067138672,0.2535189986228943,0.2477110028266906,0.0,0.027464389385681933,-0.022909509061460925,-0.07095778542262804,0.04980079580635478
BAND,2019-11-24,0.2511230111122131,0.2220250070095062,0.2457810044288635,0.2223680019378662,0.0,0.041805257255064864,-0.09525960944542287,-0.11587151640876343,0.0015448481816524725
BAND,2019-11-25,0.2362930029630661,0.2041810005903244,0.2214750051498413,0.232815995812416,0.0,0.06088859156006171,0.05120663911894625,-0.13589908279155005,0.14024319177250877
BAND,2019-11-26,0.3235630095005035,0.2238640040159225,0.2332859933376312,0.2926099896430969,0.0,0.0683755838321907,0.25429729173498655,-0.3081285640113502,0.30708816242867176
BAND,2019-11-27,0.3402749896049499,0.2802520096302032,0.2908219993114471,0.2867270112037658,0.0,0.07279108557249703,-0.014080737074143658,-0.17639550895125078,0.023104211035298142
BAND,2019-11-28,0.3218280076980591,0.2851209938526153,0.2884899973869324,0.2878749966621399,0.0,0.08102333930375061,-0.0021317921950951423,-0.11405785999794808,0.009659067093979724
BAND,2019-11-29,0.3108850121498108,0.2788789868354797,0.2881489992141723,0.30451300740242,0.0,0.08657246549498701,0.05679009204569479,-0.10295132947389529,0.09191807836731242
BAND,2019-11-30,0.3094399869441986,0.2847709953784942,0.30451300740242,0.2900860011577606,0.0,0.08779957774162382,-0.04737730702450353,-0.07972140837167553,0.01866414018816117
BAND,2019-12-01,0.2919549942016601,0.2670600116252899,0.2917799949645996,0.2803519964218139,0.0,0.09221678537733519,-0.03916649098637557,-0.08526993225255342,0.04977152781365817
BAND,2019-12-02,0.2875649929046631,0.2517299950122833,0.2803370058536529,0.2607020139694214,0.0,0.10139239935442179,-0.07004067060087586,-0.12461530011151323,0.035641437790122174
BAND,2019-12-03,0.2665970027446747,0.2516689896583557,0.2613910138607025,0.2648119926452636,0.0,0.10357363287822514,0.013087591398165548,-0.05599467710676338,0.05222337088391271
BAND,2019-12-04,0.3571119904518127,0.2537209987640381,0.2647979855537414,0.2879309952259063,0.0,0.10215731630936689,0.08736097302171514,-0.28951979897669045,0.13483313020410942
BAND,2019-12-05,0.2989220023155212,0.2653090059757232,0.2879309952259063,0.2822270095348358,0.0,0.10008972294942554,-0.01981025240646718,-0.1124473811878138,0.06376716650418066
BAND,2019-12-06,0.301468014717102,0.274071991443634,0.2821410000324249,0.2975200116634369,0.0,0.08752405342709771,0.05450824810730995,-0.09087538954730068,0.08555423739687484
BAND,2019-12-07,0.3042030036449432,0.2794210016727447,0.2965050041675567,0.2937099933624267,0.0,0.07191712159339213,-0.009426521528623267,-0.08146534279826938,0.0511378586582305
BAND,2019-12-08,0.3290050029754638,0.2916029989719391,0.2937099933624267,0.3032299876213074,0.0,0.053841810055960754,0.0324129054987018,-0.11368217402552402,0.039872664857219624
BAND,2019-12-09,0.3494679927825928,0.3009020090103149,0.3032299876213074,0.3335720002651214,0.0,0.02794518816813244,0.10006270448985752,-0.13897119271375227,0.10857352319534229
BAND,2019-12-10,0.333609014749527,0.2714369893074035,0.3335709869861603,0.2777599990367889,0.0,0.009624949223661375,-0.16731367572949912,-0.18636194675015635,0.023294576562756308
BAND,2019-12-11,0.2903200089931488,0.2757720053195953,0.2767930030822754,0.2804270088672638,0.0,0.006013103883572943,0.013128965488727374,-0.05011023430319898,0.016879898821759578
BAND,2019-12-12,0.2900750041007995,0.2696920037269592,0.2818059921264648,0.2767840027809143,0.0,0.001808016645602235,-0.017820733007326495,-0.07026803442449439,0.026296660471755016
BAND,2019-12-13,0.2889400124549866,0.267536997795105,0.2753889858722687,0.2842069864273071,0.0,-0.0036428217610982513,0.03202016423099933,-0.07407424980026235,0.06230909657201475
BAND,2019-12-14,0.289561003446579,0.2569760084152221,0.2841199934482574,0.2597239911556244,0.0,-0.0012538389115415818,-0.08586513746022555,-0.11253240126779869,0.010693538114118746
BAND,2019-12-15,0.2689839899539947,0.2527759969234466,0.2597239911556244,0.2644959986209869,0.0,-0.0003942747635352831,0.018373379540833974,-0.060256348466390906,0.046365168529390446
BAND,2019-12-16,0.2685739994049072,0.2435780018568039,0.2644959986209869,0.2452639937400818,0.0,-0.0004599299817017337,-0.07271189349243751,-0.09306931275361058,0.006921774012536091
BAND,2019-12-17,0.2526389956474304,0.2304749935865402,0.2452639937400818,0.2336309999227523,0.0,-0.005135916377903955,-0.04743049984604565,-0.08772993260241238,0.013693487033451487
BAND,2019-12-18,0.257777988910675,0.2261559963226318,0.2336309999227523,0.2511680126190185,0.0,-0.008529703463372063,0.07506286709411267,-0.12267142249682463,0.11059629947067513
BAND,2019-12-19,0.2572880089282989,0.2438589930534362,0.2511680126190185,0.2463359981775283,0.0,-0.005412845075197114,-0.019238176036450907,-0.05219448792347373,0.01015753035422943
BAND,2019-12-20,0.2660309970378876,0.2435470074415207,0.2463359981775283,0.2590799927711487,0.0,-0.006102522403390519,0.05173419511522672,-0.0845164279603281,0.06377818184999746
BAND,2019-12-21,0.2672500014305115,0.2534160017967224,0.2590799927711487,0.2602899968624115,0.0,0.0025159732551382243,0.0046703880076592475,-0.05176426402147685,0.02712533942984019
BAND,2019-12-22,0.2705099880695343,0.2452940046787262,0.2602689862251282,0.2511059939861297,0.0,0.012855081126886464,-0.035205855188111576,-0.09321645966109895,0.023693972117320036
BAND,2019-12-23,0.2536289989948272,0.2459969967603683,0.2524380087852478,0.2470719963312149,0.0,0.02654468272209616,-0.021256753211826483,-0.030091205125225364,0.00436997030453098
BAND,2019-12-24,0.2659029960632324,0.2443639934062957,0.2470940053462982,0.2489950060844421,0.0,0.050377748018099106,0.007693431232699068,-0.08100323417121144,0.018951289073290724
BAND,2019-12-25,0.2502709925174713,0.2403219938278198,0.2489950060844421,0.2420949935913086,0.0,0.06015790426270186,-0.027711449324383252,-0.039752903800695086,0.007377600923031098
BAND,2019-12-26,0.2449429929256439,0.2373899966478347,0.2422129958868026,0.2388499975204467,0.0,0.06416600582250653,-0.013884467074291843,-0.03083573115358325,0.006150220705289001
BAND,2019-12-27,0.2530739903450012,0.2371899932622909,0.23887899518013,0.2454800009727478,0.0,0.06713017114268295,0.02763326171746586,-0.06276424163959553,0.034950916758489034
BAND,2019-12-28,0.2598310112953186,0.2454800009727478,0.2454800009727478,0.2519499957561493,0.0,0.0709747959079495,0.026356504634851136,-0.05523209200867766,0.026356504634851136
BAND,2019-12-29,0.2559710144996643,0.2442210018634796,0.2519820034503937,0.2463710010051727,0.0,0.06756334914247845,-0.022267472948025762,-0.045903684286879014,0.00880349816472775
BAND,2019-12-30,0.2561990022659302,0.2395340055227279,0.2462310045957565,0.2399639934301376,0.0,0.06785604334083335,-0.02545175485072484,-0.06504707901205753,0.00179510172875599
BAND,2019-12-31,0.2406280040740966,0.2211160063743591,0.2399709969758987,0.2213349938392639,0.0,0.06694998180403013,-0.07765939789176478,-0.08108780927148099,0.0009903736436611909
BAND,2020-01-01,0.2401780039072036,0.2181330025196075,0.2212750017642974,0.2355660051107406,0.0,0.06347858970243421,0.06458480728729588,-0.09178609626597414,0.07991914286131968
BAND,2020-01-01,0.2401780039072036,0.2181330025196075,0.2212750017642974,0.2355660051107406,0.0,0.06396502990530818,0.06458480728729588,-0.09178609626597414,0.07991914286131968
BAND,2020-01-02,0.2421589940786361,0.2145220041275024,0.2355660051107406,0.21840600669384,1.0,0.06277902607443336,-0.07284581834646989,-0.11412745603889954,0.01810538076098294
BAND,2020-01-03,0.2370900064706802,0.212458997964859,0.2206220030784607,0.2316769957542419,1.0,0.063741188079277,0.05010829618770918,-0.10388885163266973,0.09045509003370882
BAND,2020-01-04,0.2350379973649978,0.2262679934501648,0.2316219955682754,0.231781005859375,1.0,0.06314939016719315,0.0006865077330392496,-0.03731313240051906,0.024364967953032377
BAND,2020-01-05,0.2393350005149841,0.2308139950037002,0.2339400053024292,0.2339880019426345,1.0,0.06029076572283705,0.00020516644916397138,-0.03560283908725847,0.013751362602096183
BAND,2020-01-06,0.2477280050516128,0.2328190058469772,0.2341230064630508,0.2404710054397583,1.0,0.054214738893238766,0.027113947802944145,-0.060182938144314295,0.03286673081067296
BAND,2020-01-07,0.2407779991626739,0.2267419993877411,0.2404710054397583,0.229886993765831,1.0,0.04615956721282075,-0.04401367081479087,-0.05829436170972513,0.013870365378192657
BAND,2020-01-08,0.2343939989805221,0.2192949950695037,0.229886993765831,0.2280589938163757,1.0,0.04353968093281522,-0.007951732803628457,-0.06441719487994704,0.0399644266577736
BAND,2020-01-09,0.2415110021829605,0.2208119928836822,0.2278939932584762,0.2336129993200302,1.0,0.038862092680617355,0.025095027647646435,-0.08570627885348862,0.057972423821613904
BAND,2020-01-10,0.2348140031099319,0.2205269932746887,0.2343190014362335,0.2326209992170334,1.0,0.036567042473308733,-0.007246540864344684,-0.0608439430614132,0.05484138591270042
BAND,2020-01-11,0.2361550033092498,0.2276829928159713,0.2335280030965805,0.2324790060520172,1.0,0.0350617255542422,-0.004491953986903482,-0.03587478721415965,0.02106443338928868
BAND,2020-01-12,0.247189000248909,0.230785995721817,0.2334550023078918,0.2451930046081543,1.0,0.03344662774431254,0.05027950647543572,-0.06635814907044758,0.06242583672062631
BAND,2020-01-13,0.2453649938106537,0.2281540036201477,0.2436639964580536,0.2361849993467331,1.0,0.030693669026259147,-0.03069389495385706,-0.07014444042407929,0.035199889544590884
BAND,2020-01-14,0.253057986497879,0.2302699983119964,0.2362570017576217,0.2520790100097656,1.0,0.023072511788735508,0.06696947872205651,-0.09005046037570352,0.09471060866652654
BAND,2020-01-15,0.3107329905033111,0.238985002040863,0.2518010139465332,0.2403450012207031,1.0,0.022656460669829386,-0.04549629306998203,-0.2308991663428913,0.005690730247614231
BAND,2020-01-16,0.2491949945688247,0.2321539968252182,0.2404190003871917,0.2420060038566589,1.0,0.019623415155209052,0.006600990216710701,-0.06838418955040443,0.04243737849087297
BAND,2020-01-17,0.2461239993572235,0.236845001578331,0.24201500415802,0.2461239993572235,1.0,0.01189363975382322,0.016978266341373668,-0.03770049976079339,0.039177511524657205
BAND,2020-01-18,0.2487459927797317,0.2378720045089721,0.2461570054292678,0.2427639961242675,1.0,0.006561664646343628,-0.013783923391021559,-0.04371522993895489,0.020565646745163174
BAND,2020-01-19,0.245947003364563,0.2311590015888214,0.2425359934568405,0.2370799928903579,1.0,0.0018605647633899095,-0.022495632457346995,-0.06012678167833408,0.02561436613257465
BAND,2020-01-20,0.239204004406929,0.2315150052309036,0.2370799928903579,0.2335990071296692,1.0,-0.00047734578658172646,-0.014682747870245406,-0.032144107265633486,0.009001584569808308
BAND,2020-01-21,0.2421530038118362,0.2327719926834106,0.2335450053215026,0.2390390038490295,1.0,-0.0012024841468384199,0.023524367476682986,-0.03874001553049108,0.02692339010966231
BAND,2020-01-22,0.2546330094337463,0.2379859983921051,0.241006001830101,0.2487889975309372,1.0,-0.006531004380608436,0.032293783730427024,-0.06537648468539431,0.04539342319220436
BAND,2020-01-23,0.2545399963855743,0.2354740053415298,0.247857004404068,0.2364960014820099,1.0,-0.009689018251955884,-0.04583692500187274,-0.07490371381621122,0.004340165442031706
BAND,2020-01-24,0.2389650046825409,0.2251970022916793,0.2364960014820099,0.2338719964027404,1.0,-0.010467397385070663,-0.011095346487154451,-0.05761514079918122,0.03852180101325276
BAND,2020-01-25,0.2660849988460541,0.2298599928617477,0.2353239953517913,0.251803994178772,1.0,-0.014952642444755245,0.07003110244811347,-0.1361407299975776,0.09546681457622247
BAND,2020-01-26,0.2573960125446319,0.2467769980430603,0.2517769932746887,0.2495010048151016,1.0,-0.020078410652429293,-0.009039699894676323,-0.041255551694804465,0.011038333368355422
BAND,2020-01-27,0.2661319971084595,0.2455680072307586,0.2495449930429458,0.2486570030450821,1.0,-0.02072311963641774,-0.00355843644480935,-0.07726988900669546,0.012578983105974273
BAND,2020-01-28,0.2518540024757385,0.2408470064401626,0.2474800050258636,0.2463749945163726,1.0,-0.02266221438210908,-0.004465049648659545,-0.04370387576681948,0.022952280611315795
BAND,2020-01-29,0.2466589957475662,0.2337580025196075,0.2464829981327057,0.2345499992370605,1.0,-0.015867499571865607,-0.04841307102740006,-0.05230295043105478,0.0033881052580716276
BAND,2020-01-30,0.2411520034074783,0.227305993437767,0.2344560027122497,0.2304279953241348,1.0,-0.013821638351361904,-0.017180227170632594,-0.057416110063641,0.013734797922178658
BAND,2020-01-31,0.2612499892711639,0.2301069945096969,0.2304950058460235,0.2554470002651214,0.0,-0.014760618380189425,0.1082539481821418,-0.11920764034612906,0.1101227096960612
BAND,2020-02-01,0.256179004907608,0.2447119951248169,0.2552379965782165,0.2488999962806701,1.0,-0.011230901942929703,-0.024831727182140516,-0.044761707880498276,0.0171140002913102
BAND,2020-02-02,0.2610529959201813,0.2464929968118667,0.2489610016345977,0.2512359917163849,1.0,-0.010837927406733686,0.00913793753580015,-0.05577411229084836,0.01924190531116073
BAND,2020-02-03,0.2592430114746094,0.2472810000181198,0.2512359917163849,0.2550939917564392,1.0,-0.0125600355683357,0.015356080208481983,-0.046142078771759444,0.031595600704246954
BAND,2020-02-04,0.2731480002403259,0.2528199851512909,0.2568010091781616,0.2694090008735657,1.0,-0.017476646973387758,0.04909634793006973,-0.07442124808217405,0.0656159192175717
BAND,2020-02-05,0.2701300084590912,0.2544400095939636,0.2693879902362823,0.2634089887142181,1.0,-0.020958616576829146,-0.022194759004735068,-0.058083139132258516,0.035249877307296104
BAND,2020-02-06,0.3216480016708374,0.262035995721817,0.2634089887142181,0.2850919961929321,1.0,-0.023168607466400603,0.08231688517751634,-0.18533305240312078,0.08798791329261418
BAND,2020-02-07,0.3324579894542694,0.2814559936523437,0.284171998500824,0.3170050084590912,1.0,-0.03257974426409967,0.11553921614895499,-0.15340884388323955,0.12630398928600495
BAND,2020-02-08,0.3309449851512909,0.2932310104370117,0.3177169859409332,0.3000470101833343,1.0,-0.04107358903506586,-0.05561545822068184,-0.11395844145225013,0.023244471095210804
BAND,2020-02-09,0.3928999900817871,0.2995550036430359,0.300025999546051,0.3574549853801727,1.0,-0.051733579030304046,0.19141336391183947,-0.2375795082593926,0.1932866453004844
BAND,2020-02-10,0.371957004070282,0.3257139921188354,0.3573989868164062,0.3534660041332245,1.0,-0.06214246407549425,-0.0110044595207598,-0.12432354128411273,0.08520362245986622
BAND,2020-02-11,0.3635570108890533,0.3310030102729797,0.3535389900207519,0.3619340062141418,1.0,-0.07517703372769662,0.023745658697777932,-0.08954304178171416,0.0934462678017737
BAND,2020-02-12,0.4324919879436493,0.3548440039157867,0.3619250059127807,0.378506988286972,1.0,-0.08906412305782363,0.045816072676081766,-0.17953623695331808,0.0666855973612594
BAND,2020-02-13,0.3862009942531585,0.3484359979629516,0.378506988286972,0.3671300113201141,1.0,-0.10627673447424671,-0.030057508365558226,-0.09778585982989879,0.05365121131700682
BAND,2020-02-14,0.3733769953250885,0.3511779904365539,0.3682120144367218,0.3560470044612884,1.0,-0.12123070443010174,-0.03303805823403949,-0.059454666908995216,0.013864804051876265
BAND,2020-02-15,0.3605430126190185,0.3193199932575226,0.3560470044612884,0.3243060111999511,1.0,-0.12668999298511158,-0.08914832273160819,-0.11433592641845423,0.015614487184356948
BAND,2020-02-16,0.3338049948215484,0.2784650027751922,0.3232659995555877,0.3111349940299988,1.0,-0.13279624711360563,-0.037526388615771906,-0.1657853923843796,0.11732171342616224
BAND,2020-02-17,0.3117499947547912,0.2761209905147552,0.3117499947547912,0.2984020113945007,1.0,-0.13650358039715949,-0.04281630660744505,-0.11428710453727582,0.08069296303120006
BAND,2020-02-18,0.3456270098686218,0.2930639982223511,0.2991890013217926,0.3405570089817047,1.0,-0.14274199657800513,0.13826714042679253,-0.152080161982279,0.16205678980507232
BAND,2020-02-19,0.4241119921207428,0.3337770104408264,0.3408910036087036,0.351945012807846,1.0,-0.14618452553738634,0.03242681409049708,-0.21299794242601472,0.054431556993768775
BAND,2020-02-20,0.4044550061225891,0.3515329957008362,0.3527039885520935,0.3646439909934997,1.0,-0.1528389743792997,0.03385275706810638,-0.13084770770697898,0.03729662777892213
BAND,2020-02-21,0.4277609884738922,0.3648230135440826,0.3648230135440826,0.4026339948177337,1.0,-0.1592920056943711,0.10364198493492878,-0.14713350825738275,0.10364198493492878
BAND,2020-02-22,0.4049760103225708,0.3672580122947693,0.404915988445282,0.3729850053787231,1.0,-0.1541972297864873,-0.07885829154131774,-0.09313637614672148,0.015593922779708322
BAND,2020-02-23,0.3892329931259155,0.3672389984130859,0.3729850053787231,0.3868300020694732,1.0,-0.15387478854251227,0.03711944579834284,-0.056505987676421524,0.05334674079017758
BAND,2020-02-24,0.3995090126991272,0.3435119986534118,0.3860689997673034,0.3477270007133484,1.0,-0.13992760771362528,-0.09931385083253257,-0.14016458268962032,0.01227031974562649
BAND,2020-02-25,0.3516339957714081,0.3128530085086822,0.3473060131072998,0.319242000579834,1.0,-0.12418948758169232,-0.08080485643303698,-0.11028793498094198,0.020421705712874688
BAND,2020-02-26,0.3181770145893097,0.2523329854011535,0.3173590004444122,0.2839210033416748,1.0,-0.1034526978555128,-0.10536331742888222,-0.20694150164538144,0.12518386326030007
BAND,2020-02-27,0.3165670037269592,0.2633340060710907,0.2846490144729614,0.3021869957447052,1.0,-0.08088281651768231,0.06161265411094438,-0.16815712638763272,0.14754262183337458
BAND,2020-02-28,0.36387500166893,0.3005459904670715,0.3022649884223938,0.3379670083522796,1.0,-0.06315419603291207,0.1181149696371542,-0.17404056588497974,0.12451012181880385
BAND,2020-02-29,0.3417829871177673,0.30901700258255,0.3355660140514374,0.3266119956970215,1.0,-0.046528056473726896,-0.026683329000783056,-0.09586780433845057,0.05693859226976098
BAND,2020-03-01,0.4048340022563934,0.3228470087051391,0.3267169892787933,0.3760449886322021,1.0,-0.044211349923826575,0.15098082123705045,-0.20252002819498713,0.1647776763998129
BAND,2020-03-02,0.4043920040130615,0.3554669916629791,0.3758729994297027,0.3613379895687103,1.0,-0.04249807805910925,-0.03867000258876209,-0.12098412398011253,0.016516295587010614
BAND,2020-03-03,0.453449010848999,0.3600859940052032,0.3601360023021698,0.4203999936580658,1.0,-0.04919971824791218,0.16733675880961182,-0.20589529276729687,0.16749887709320646
BAND,2020-03-04,0.4867880046367645,0.409621000289917,0.4200429916381836,0.4730980098247528,1.0,-0.05272513471344363,0.12630854279856601,-0.1585228140624144,0.1549652227056444
BAND,2020-03-05,0.4900679886341095,0.4483279883861542,0.4731200039386749,0.4509109854698181,1.0,-0.05337892853010676,-0.04694161794886929,-0.08517185618324256,0.005761400471476145
BAND,2020-03-06,0.5582910180091858,0.4446519911289215,0.4510129988193512,0.5208809971809387,1.0,-0.05721676079869814,0.15491349150575692,-0.2035480120842541,0.17143520679729854
BAND,2020-03-07,0.5559669733047485,0.488766998052597,0.5205960273742676,0.4910529851913452,1.0,-0.05348310852174439,-0.05674849716377732,-0.12087044461059462,0.004677048875755367
BAND,2020-03-08,0.4925239980220794,0.3891989886760711,0.4910529851913452,0.3904919922351837,1.0,-0.04963871010227193,-0.20478644054465242,-0.20978675102319852,0.0033222171607150976
BAND,2020-03-09,0.4159500002861023,0.3414050042629242,0.3897680044174194,0.3684050142765045,1.0,-0.03985328229213939,-0.05480950180311956,-0.17921624226927257,0.07908498609114402
BAND,2020-03-10,0.6748520135879517,0.3641810119152069,0.3689010143280029,0.6514120101928711,0.0,-0.06633609484235976,0.7658178885181317,-0.46035426347921216,0.7887039380969726
BAND,2020-03-11,0.756184995174408,0.5388280153274536,0.647849977016449,0.6128079891204834,0.0,-0.09299230146328313,-0.0540896644889066,-0.28743889555335955,0.13729793494139514
BAND,2020-03-12,0.6195369958877563,0.3254120051860809,0.6175150275230408,0.3373250067234039,0.0,-0.10449192085841315,-0.453737979338782,-0.47474968025148107,0.0366089798392987
BAND,2020-03-13,0.4440149962902069,0.2124090045690536,0.3420769870281219,0.3649759888648987,0.0,-0.1165919677222382,0.06694107673163725,-0.5216174986346099,0.7182698520968115
BAND,2020-03-14,0.4308899939060211,0.3172990083694458,0.3698959946632385,0.3281320035457611,0.0,-0.11865469387381788,-0.1129073894284805,-0.26361945541336934,0.03414128279815471
BAND,2020-03-15,0.3511340022087097,0.3036639988422394,0.3281320035457611,0.3036639988422394,0.0,-0.11975714691440591,-0.0745675656111655,-0.13519056277054808,0.0
BAND,2020-03-16,0.3044489920139313,0.2085320055484771,0.3026979863643646,0.244719997048378,0.0,-0.10459142578533279,-0.19153741328889176,-0.3150510889556998,0.17353686981871155
BAND,2020-03-17,0.3027710020542145,0.2410420030355453,0.244839996099472,0.2617500126361847,0.0,-0.09189723398348695,0.06906558081238741,-0.20388015562869502,0.08591037802480296
BAND,2020-03-18,0.2767469882965088,0.2456980049610138,0.2619900107383728,0.2696770131587982,0.0,-0.0681315544531693,0.02934082257091005,-0.11219266929195588,0.09759545341684521
BAND,2020-03-19,0.3601180016994476,0.2660520076751709,0.2696770131587982,0.3421109914779663,0.0,-0.04493637584863598,0.26859530024724665,-0.26120880816945,0.2858801347428943
BAND,2020-03-20,0.3697789907455444,0.2924639880657196,0.342056006193161,0.3226810097694397,0.0,-0.02501149777916183,-0.05664276046297559,-0.20908435745346998,0.10331877747946877
BAND,2020-03-21,0.3259119987487793,0.2899869978427887,0.3226810097694397,0.3122319877147674,0.0,0.007208296122134848,-0.0323818933817589,-0.11022914481182525,0.07671030093576275
BAND,2020-03-22,0.3634099960327148,0.3003419935703277,0.3119490146636963,0.3027519881725311,0.0,0.03201441934210387,-0.029482466873890528,-0.17354504045262859,0.008024167961178056
BAND,2020-03-23,0.3477680087089538,0.2946920096874237,0.3027519881725311,0.344307005405426,0.0,0.0378061077380847,0.13725761962366947,-0.15261898073537083,0.16836220218738998
BAND,2020-03-24,0.35902801156044,0.3338260054588318,0.344310998916626,0.3477370142936706,0.0,0.03814083043115765,0.009950351245892738,-0.07019509701227206,0.0416714354405033
BAND,2020-03-25,0.3479520082473755,0.3148239850997925,0.3452180027961731,0.3161180019378662,0.0,0.09589340319144998,-0.08429456350075805,-0.09520859877903258,0.004110286697703654
BAND,2020-03-26,0.3245579898357391,0.2951419949531555,0.3161180019378662,0.2989929914474487,0.0,0.15096244789610833,-0.05417284174086201,-0.0906340185846948,0.013047944921915912
BAND,2020-03-27,0.327549010515213,0.290814995765686,0.2985160052776336,0.2911329865455627,0.0,0.15985948761754892,-0.02473240496838478,-0.11214814751461727,0.0010934469835005309
BAND,2020-03-28,0.3088679909706116,0.2618579864501953,0.2914020121097564,0.2920329868793487,0.0,0.17227660507498074,0.0021653068385630394,-0.15220095929231206,0.11523421850985856
BAND,2020-03-29,0.3035140037536621,0.2655679881572723,0.2921069860458374,0.2655679881572723,1.0,0.17820976630658672,-0.09085369113493445,-0.12502228934117832,0.0
BAND,2020-03-29,0.3025240004062652,0.2624909877777099,0.2662729918956756,0.2919909954071045,1.0,0.17774374048705016,0.0965850998568607,-0.13233003852518876,0.11238483987258498
BAND,2020-03-30,0.2956829965114593,0.2796370089054107,0.2918730080127716,0.2905490100383758,1.0,0.1628432022653419,-0.0045362124555823015,-0.05426753582506634,0.03902202063910701
BAND,2020-03-31,0.2926999926567077,0.2724120020866394,0.2905490100383758,0.2889469861984253,1.0,0.15219227126147059,-0.0055137817875852,-0.06931325957996524,0.06069844201110864
BAND,2020-04-01,0.3140240013599396,0.2822740077972412,0.2893219888210296,0.3062889873981476,1.0,0.13628174053629577,0.05864399953234635,-0.1011069008266855,0.08507683646932326
BAND,2020-04-02,0.3486909866333008,0.3018510043621063,0.3079060018062591,0.3289830088615417,1.0,0.12696185804919535,0.06845273210538029,-0.13433092355912687,0.08988542064576764
BAND,2020-04-03,0.3305850028991699,0.3070249855518341,0.3289949893951416,0.3139950037002563,1.0,0.11714031684392967,-0.045593356064366916,-0.0712676532229798,0.022701794565333375
BAND,2020-04-04,0.3190889954566955,0.2993820011615753,0.3139840066432953,0.3064869940280914,1.0,0.09968824552329886,-0.023877052514082255,-0.06176018156600665,0.02373219779061307
BAND,2020-04-05,0.3392330110073089,0.3024860024452209,0.3065789937973022,0.3299640119075775,1.0,0.079794993102546,0.07627730073945173,-0.10832379918738594,0.09084059837556546
BAND,2020-04-06,0.347119003534317,0.3184599876403808,0.3299910128116607,0.3258000016212463,1.0,0.07753471121901234,-0.012700379791271496,-0.08256250911685656,0.023048465319775585
BAND,2020-04-07,0.3472090065479278,0.3202919960021972,0.3257949948310852,0.3448669910430908,1.0,0.07592745006467745,0.05853986867383848,-0.07752394102142923,0.07672684721326918
BAND,2020-04-08,0.4002479910850525,0.3353579938411712,0.3422619998455047,0.3813320100307464,1.0,0.036622046957158066,0.11415234587210295,-0.16212447954571294,0.1370893702666558
BAND,2020-04-09,0.382082998752594,0.3311420083045959,0.3813369870185852,0.3576349914073944,1.0,-0.001954577160171792,-0.0621549873682608,-0.1333244101786988,0.0800048995246455
BAND,2020-04-10,0.4395860135555267,0.3567950129508972,0.3576349914073944,0.4340290129184723,1.0,-0.021818921782320044,0.21360891228916357,-0.18833856867962348,0.21646602997280165
BAND,2020-04-11,0.5149530172348022,0.4313650131225586,0.4357419908046722,0.495945006608963,1.0,-0.05024064934965509,0.13816207084636403,-0.16232161248630994,0.1497107821028964
BAND,2020-04-12,0.490770012140274,0.4324359893798828,0.490770012140274,0.4724940061569214,1.0,-0.077041161214021,-0.03723945133413913,-0.11886223957733974,0.09263340184632213
BAND,2020-04-13,0.5745790004730225,0.4724310040473938,0.4724940061569214,0.5312409996986389,1.0,-0.1003513709457196,0.1243338386862137,-0.17777885432905705,0.12448377677885289
BAND,2020-04-14,0.56427401304245,0.4868899881839752,0.5321300029754639,0.4872939884662628,1.0,-0.11269404746144115,-0.0842576330191786,-0.13713909035299343,0.0008297568076814572
BAND,2020-04-15,0.5389900207519531,0.4680199921131134,0.4853470027446747,0.5221390128135681,1.0,-0.12949341377568704,0.0758055779902457,-0.13167224977528966,0.11563399344567947
BAND,2020-04-17,0.5185840129852295,0.4913620054721832,0.5115429759025574,0.5143539905548096,1.0,-0.1424830952211321,0.0054951681181673795,-0.052492955493060316,0.046792354367187546
BAND,2020-04-18,0.520209014415741,0.4931130111217499,0.5143629908561707,0.5044230222702026,1.0,-0.15763018821899177,-0.01932481294858069,-0.052086762326529944,0.022935941444182074
BAND,2020-04-19,0.5913090109825134,0.4980059862136841,0.5011900067329407,0.5422090291976929,1.0,-0.17578659580941072,0.08184325687604782,-0.15779063575202062,0.08876006354879874
BAND,2020-04-20,0.6593459844589233,0.541163980960846,0.5435370206832886,0.6337720155715942,1.0,-0.19990754332945818,0.1660144414355988,-0.17924125767606008,0.17112749160858995
BAND,2020-04-21,0.6769890189170837,0.6044819951057434,0.6340230107307434,0.6519259810447693,1.0,-0.21895062492642328,0.028237098671532134,-0.10710221552385453,0.07848701255481794
BAND,2020-04-22,0.6587499976158142,0.6062449812889099,0.6496989727020264,0.6180229783058167,1.0,-0.2397014187657354,-0.04875487837770891,-0.07970400989287812,0.019427784774178374
BAND,2020-04-23,0.7525169849395752,0.6177769899368286,0.6183000206947327,0.7178879976272583,1.0,-0.2627550161234661,0.16106740028995448,-0.1790524303096837,0.16205039896462742
BAND,2020-04-24,0.950884997844696,0.7008510231971741,0.7175920009613037,0.9426940083503724,1.0,-0.28809416446270175,0.31369079795694016,-0.26294870064650966,0.34507046026693095
BAND,2020-04-25,0.9616919755935668,0.8308179974555969,0.9616919755935668,0.8542190194129944,1.0,-0.3084769261302605,-0.1117540323805228,-0.13608721031200557,0.02816624342402757
BAND,2020-04-26,0.90658700466156,0.7800899744033813,0.8542190194129944,0.8730779886245728,1.0,-0.31667910374979813,0.0220774400744881,-0.13953104292003557,0.11920165272257131
BAND,2020-04-27,0.9503179788589478,0.8362280130386353,0.8716809749603271,0.8870580196380615,1.0,-0.3165960133183404,0.01764067946812104,-0.1200545168652928,0.06078486466235834
BAND,2020-04-28,0.905780017375946,0.8579400181770325,0.8888400197029114,0.8737050294876099,1.0,-0.31670955834937287,-0.01702780014378772,-0.05281635527520969,0.018375423661988858
BAND,2020-04-29,1.1778390407562256,0.8479380011558533,0.8720859885215759,1.040779948234558,1.0,-0.31875878427904575,0.19343730083195643,-0.2800900871723194,0.22742458389155268
BAND,2020-04-30,1.304602026939392,1.0305180549621582,1.040779948234558,1.2691550254821775,1.0,-0.3346867869585366,0.21942686120635277,-0.21009010128570574,0.23156990735963606
BAND,2020-05-01,1.2709619998931885,1.103142023086548,1.2693339586257937,1.1433240175247192,1.0,-0.3403543068689978,-0.099272488729046,-0.1320416950473295,0.03642504192319999
BAND,2020-05-02,1.2035239934921265,1.075412034988403,1.1410930156707764,1.0929169654846191,1.0,-0.3458229758585874,-0.042219213968142266,-0.10644736556684317,0.01627741733093475
BAND,2020-05-03,1.105293035507202,0.9687650203704834,1.0944299697875977,1.0773199796676636,1.0,-0.35291941137577065,-0.01563370027527181,-0.12352200796603041,0.11205499477640683
BAND,2020-05-04,1.1106829643249512,1.0084340572357178,1.0720529556274414,1.0116230249404907,1.0,-0.3526720264659214,-0.05636841946075584,-0.0920594898575563,0.0031622967132966828
BAND,2020-05-05,1.1919100284576416,1.0039139986038208,1.0138280391693115,1.0852149724960327,1.0,-0.3455120240945623,0.07041325606383177,-0.1577266952750552,0.08098400261902922
BAND,2020-05-06,1.1069979667663574,0.9702500104904176,1.0852149724960327,1.0080020427703855,1.0,-0.33628588111025415,-0.07114989350732485,-0.1235304493606191,0.03890959224095857
BAND,2020-05-07,1.1331980228424072,1.0078539848327637,1.0080020427703855,1.0682380199432373,1.0,-0.3321997835699046,0.059757792759327806,-0.1106108866085403,0.05991347558197465
BAND,2020-05-08,1.081689953804016,1.0208159685134888,1.069612979888916,1.0266720056533811,1.0,-0.31962414457818994,-0.0401462725704717,-0.05627674092418951,0.005736623760323726
BAND,2020-05-09,1.0269010066986084,0.8440690040588379,1.0240240097045898,0.893576979637146,1.0,-0.28686181731672,-0.12738669096740726,-0.1780424806745087,0.0586539433864308
BAND,2020-05-10,0.904251992702484,0.7630950212478638,0.8924530148506165,0.8045030236244202,1.0,-0.258848920779071,-0.0985485955705106,-0.15610357797802893,0.05426323226279641
BAND,2020-05-11,1.0676690340042114,0.7904719710350037,0.8033480048179626,1.0417770147323608,1.0,-0.24152442923925369,0.2967941769749286,-0.25962826881810114,0.31791771613142866
BAND,2020-05-12,1.0915919542312622,1.001086950302124,1.0334739685058594,1.0604480504989624,1.0,-0.2275021202524712,0.026100398089465855,-0.08291102144745563,0.05929664768771927
BAND,2020-05-13,1.1108039617538452,1.0080280303955078,1.0604480504989624,1.027601957321167,1.0,-0.21302431433567257,-0.03097378807225932,-0.09252391501743006,0.01941803832377478
BAND,2020-05-14,1.0705859661102295,1.005275011062622,1.0284290313720703,1.010210037231445,1.0,-0.18859358216744995,-0.01771536351547612,-0.06100486753520818,0.004909130451384114
BAND,2020-05-15,1.060006022453308,0.9806900024414062,1.0081770420074463,1.0469419956207275,1.0,-0.14725739383730116,0.038450541916818355,-0.07482600884505411,0.06755650920717904
BAND,2020-05-16,1.065256953239441,1.0093530416488647,1.046023964881897,1.009937047958374,1.0,-0.11702117978228985,-0.034499130168205466,-0.05247927405737429,0.0005785946892826052
BAND,2020-05-17,1.0412460565567017,1.0104880332946775,1.0108040571212769,1.0293920040130615,1.0,-0.09179879874418158,0.018389268187864502,-0.029539630011889702,0.018707763076370103
BAND,2020-05-18,1.0718289613723757,1.005676031112671,1.0294660329818726,1.0693750381469729,1.0,-0.06952957653991047,0.03876670418110149,-0.06171967043603882,0.06333949011773302
BAND,2020-05-19,1.2691529989242554,1.0485210418701172,1.066756010055542,1.183068037033081,1.0,-0.05773959826540645,0.10903339271693734,-0.17384189080524387,0.12832073920327727
BAND,2020-05-20,1.2624939680099487,1.1023809909820557,1.1833889484405518,1.1552000045776367,1.0,-0.0438230904734881,-0.023820523167857797,-0.1268227659576678,0.047913574370079856
BAND,2020-05-21,1.3364100456237793,1.128363013267517,1.1560790538787842,1.3092390298843384,1.0,-0.041056259660952825,0.13248226883073788,-0.1556760464630859,0.16029949093513793
BAND,2020-05-22,1.3124639987945557,1.197172999382019,1.31154203414917,1.250749945640564,1.0,-0.03154092166794899,-0.046351612777735564,-0.08784317095053783,0.044752885578108886
BAND,2020-05-23,1.258087992668152,1.1056779623031616,1.2506530284881592,1.1056779623031616,1.0,-0.02379704475097262,-0.11591949396248565,-0.1211441737407885,0.0
BAND,2020-05-24,1.1743810176849363,1.0887800455093384,1.1052080392837524,1.1734880208969116,1.0,-0.03407373607469873,0.06178020715213862,-0.0728902893409701,0.07780081545115598
BAND,2020-05-25,1.23157799243927,1.1151119470596311,1.1694250106811523,1.1373649835586548,1.0,-0.04581378401087574,-0.027415205617864823,-0.09456652042715184,0.01995587667919916
BAND,2020-05-26,1.854835033416748,1.1345620155334473,1.1373649835586548,1.591871976852417,1.0,-0.05654093053330141,0.3996140200058506,-0.3883218749413541,0.40307180661601133
BAND,2020-05-27,1.7093720436096191,1.3235379457473757,1.592039942741394,1.3355239629745483,1.0,-0.058858649418060995,-0.16112408544545753,-0.22571686445011205,0.009056043512529867
BAND,2020-05-28,1.4897849559783936,1.3320260047912598,1.3333040475845337,1.4011659622192385,1.0,-0.06449581065518352,0.05089755390576226,-0.10589377383229649,0.0519058615817441
BAND,2020-05-29,1.683650016784668,1.3592849969863892,1.4010430574417114,1.6046119928359983,1.0,-0.08179547430941687,0.1452981293565677,-0.19265584685927264,0.18048238330704217
BAND,2020-05-30,1.690458059310913,1.4934769868850708,1.6029620170593262,1.5018980503082275,1.0,-0.10100711059881555,-0.06304826045504372,-0.11652526446360835,0.005638562560458639
BAND,2020-05-31,1.6305040121078491,1.505329966545105,1.5087460279464722,1.6177979707717896,1.0,-0.12096952180075063,0.07227985413406263,-0.0767701548927342,0.07471319028133798
BAND,2020-06-01,1.7562129497528076,1.591460943222046,1.6319279670715332,1.680644989013672,1.0,-0.1391942248909398,0.029852434007587206,-0.09381095074714663,0.05603910430316036
BAND,2020-06-02,1.879796981811524,1.667261004447937,1.680644989013672,1.817368984222412,1.0,-0.1573013545567427,0.08135209761877187,-0.11306326130961773,0.09003268197001874
BAND,2020-06-03,1.9621570110321045,1.8147170543670648,1.8147170543670648,1.840625047683716,0.0,-0.1669442479953778,0.014276602104060484,-0.07514177297538771,0.014276602104060484
BAND,2020-06-04,1.8876609802246087,1.7062129974365234,1.840625047683716,1.7343909740447998,0.0,-0.1776224018335868,-0.057716303368034454,-0.09612318350008758,0.01651492319576277
BAND,2020-06-05,1.7572749853134155,1.634158968925476,1.7351160049438477,1.6455270051956177,0.0,-0.17557425629075948,-0.05163285883650718,-0.07006075737542086,0.006956505753914831
BAND,2020-06-06,1.6922509670257568,1.525223970413208,1.6455270051956177,1.5831010341644287,0.0,-0.1771106443609973,-0.03793676483830653,-0.09870107913491687,0.037946599892172465
BAND,2020-06-07,1.7185770273208618,1.5782690048217771,1.5831979513168335,1.68572199344635,0.0,-0.18687748085858183,0.06475756366678069,-0.08164197488303147,0.06808280989887835
BAND,2020-06-08,1.6874810457229614,1.526208996772766,1.6874810457229614,1.5397260189056396,0.0,-0.18601677849817974,-0.08755951789314446,-0.0955696950546205,0.008856599693394598
BAND,2020-06-09,1.5747109651565552,1.4280400276184082,1.548056960105896,1.443513035774231,0.0,-0.18243404890084622,-0.06753234992368345,-0.09314149757226411,0.010835136170256814
BAND,2020-06-10,1.4947320222854614,1.15412700176239,1.4453489780426023,1.1884829998016355,0.0,-0.15839696958215083,-0.17771900222244844,-0.22787029075772575,0.029767952735515992
BAND,2020-06-11,1.344733953475952,1.1497819423675537,1.187811017036438,1.298833966255188,0.0,-0.14987591659444097,0.09346852961151159,-0.1449744096997582,0.12963503634499282
BAND,2020-06-12,1.4481840133666992,1.2679790258407593,1.2991559505462646,1.406849026679993,0.0,-0.13961653512643293,0.08289464870514263,-0.12443514488673593,0.1095207397039971
BAND,2020-06-13,1.4846349954605105,1.350998044013977,1.4081289768218994,1.3544000387191772,0.0,-0.11823140586338454,-0.03815626195264201,-0.09001333786092072,0.002518134441625438
BAND,2020-06-14,1.35978901386261,1.1714979410171509,1.3537249565124512,1.3178720474243164,0.0,-0.1022599731154281,-0.026484633319091063,-0.13847080019465705,0.12494610641831473
BAND,2020-06-15,1.3341120481491089,1.259572982788086,1.3174710273742676,1.2651300430297852,0.0,-0.07891818758544784,-0.03972837599988708,-0.055871667949056694,0.0044118604619468515
BAND,2020-06-16,1.2990349531173706,1.2139309644699097,1.264984965324402,1.2413280010223389,0.0,-0.052852243849917,-0.018701379819163658,-0.06551323999653119,0.022568858818419493
BAND,2020-06-17,1.3614890575408936,1.1982359886169434,1.241405010223389,1.3233790397644043,0.0,-0.0234753460248032,0.06603326784242985,-0.11990773485819715,0.10443940286913478
BAND,2020-06-18,1.3475199937820437,1.2365219593048096,1.322479009628296,1.2587209939956665,0.0,0.005518606251873799,-0.048210984952078456,-0.08237208723389645,0.017952802636305425
BAND,2020-06-19,1.334341049194336,1.26010000705719,1.26010000705719,1.286059021949768,0.0,0.029430467385943442,0.020600757675735788,-0.05563873057939132,0.020600757675735788
BAND,2020-06-20,1.3008320331573486,1.2411279678344729,1.2855689525604248,1.2450439929962158,0.0,0.04665794442093251,-0.03152297625381881,-0.04589682895336108,0.0031552146621718993
BAND,2020-06-21,1.3118150234222412,1.241487979888916,1.2460830211639404,1.3064709901809692,0.0,0.06078197703379032,0.048462235654749275,-0.05361048797097717,0.05234284289878318
BAND,2020-06-22,1.371541976928711,1.2609410285949707,1.307981014251709,1.3030309677124023,0.0,0.08282558483814598,-0.0037844941825386845,-0.08063985659513576,0.033379783957328456
BAND,2020-06-23,1.330374002456665,1.2472809553146362,1.303436040878296,1.2701820135116575,0.0,0.09734841864310953,-0.025512588515068838,-0.062458411686179535,0.018360785594809546
BAND,2020-06-24,1.2799090147018433,1.2202179431915283,1.273643970489502,1.2307699918746948,0.0,0.10911660355606798,-0.033662451680534625,-0.04663696467847761,0.008647675394419461
BAND,2020-06-25,1.249668002128601,1.1260989904403689,1.2312690019607544,1.163174033164978,0.0,0.10139238895970018,-0.05530470489173156,-0.09888147210119247,0.032923431278551005
BAND,2020-06-26,1.184093952178955,0.9931120276451112,1.1635769605636597,1.0484639406204224,1.0,0.10709101141286467,-0.09893030185770804,-0.1612895025621922,0.05573581976100202
BAND,2020-06-27,1.1331310272216797,1.0349489450454712,1.0484639406204224,1.1085150241851809,1.0,0.11501690144134687,0.057275296973230805,-0.08664671588504715,0.07108184369082816
BAND,2020-06-28,1.160444974899292,1.0774470567703247,1.1080260276794434,1.1506659984588623,1.0,0.11515387861847307,0.03848282415235364,-0.07152249346089863,0.06795595312869782
BAND,2020-06-29,1.182705044746399,1.0916600227355957,1.1503870487213137,1.0969330072402954,1.0,0.11716933932398936,-0.04646613636726343,-0.07698032777929473,0.004830244210542868
BAND,2020-06-30,1.123852014541626,1.0839320421218872,1.09762704372406,1.086514949798584,1.0,0.11443720780039933,-0.010123742840532288,-0.03552066633614615,0.002382905547879663
BAND,2020-07-01,1.2261990308761597,1.087304949760437,1.0876610279083252,1.113247036933899,1.0,0.10833361621164103,0.023523881401522714,-0.11327205259367906,0.023859072083850685
BAND,2020-07-02,1.1175580024719238,1.0609170198440552,1.113497972488403,1.0806039571762085,1.0,0.10400726017034682,-0.02954115420496393,-0.05068281243799839,0.018556528893322037
BAND,2020-07-03,1.1376910209655762,1.070402979850769,1.0804439783096311,1.106353998184204,1.0,0.09492443500022306,0.02398090080997031,-0.05914438971109987,0.033586433343493864
BAND,2020-07-04,1.1382639408111572,1.0818970203399658,1.1062190532684326,1.0922729969024658,1.0,0.0898619676984486,-0.012606957297256638,-0.04952007917515408,0.009590539919630747
BAND,2020-07-05,1.2148489952087402,1.0739779472351074,1.0922729969024658,1.2094680070877075,1.0,0.08124608654036525,0.10729461454928432,-0.1159576610173084,0.12615720853618198
BAND,2020-07-06,1.356194019317627,1.1619900465011597,1.2113200426101685,1.353153944015503,1.0,0.07313879017901949,0.11709036127207877,-0.14319778000066805,0.16451422978187488
BAND,2020-07-07,1.704787015914917,1.3414100408554075,1.353153944015503,1.6916860342025757,1.0,0.05260220318808982,0.2501800269542681,-0.21315095180056498,0.2611252209829887
BAND,2020-07-08,1.727247953414917,1.5360029935836792,1.6933449506759644,1.7007659673690796,1.0,0.03382733240190286,0.004382460106638548,-0.11072235428221533,0.10726735199974358
BAND,2020-07-09,1.708111047744751,1.559831976890564,1.702419996261597,1.6596930027008057,1.0,0.016730073999452724,-0.025097798225242256,-0.08680880031187813,0.06402037353363467
BAND,2020-07-10,2.008853912353516,1.6456190347671509,1.659641981124878,1.8810789585113523,1.0,-0.002798727171287212,0.13342454571822054,-0.18081696999101818,0.14308288781887976
BAND,2020-07-11,2.072366952896118,1.7898269891738892,1.88178300857544,2.033467054367065,1.0,-0.034112879588138974,0.08060655511309668,-0.1363368409862845,0.13612492529550585
BAND,2020-07-12,2.450666904449463,1.990265965461731,2.033467054367065,2.122286081314087,1.0,-0.06622449962842762,0.043678616162614765,-0.18786761193527443,0.0663329013023282
BAND,2020-07-13,2.46389389038086,2.076301097869873,2.122286081314087,2.458756923675537,1.0,-0.10113983539189453,0.15854169959646186,-0.15730904403966603,0.18420056040910185
BAND,2020-07-14,2.640458106994629,2.348006010055542,2.4398748874664307,2.593108892440796,1.0,-0.13852508811450845,0.06280404202753348,-0.11075809010730947,0.10438767249128805
BAND,2020-07-15,2.626607894897461,2.2929160594940186,2.591504096984864,2.4027209281921387,1.0,-0.1691830453103011,-0.07284694977421373,-0.12704288144861045,0.04788874335083637
BAND,2020-07-16,2.6005630493164062,2.3678669929504395,2.4038219451904297,2.5608129501342773,1.0,-0.19927851977767994,0.06530891576972059,-0.08947910585253227,0.08148513314230582
BAND,2020-07-17,3.185976028442383,2.4136970043182373,2.5578908920288086,3.147149085998535,1.0,-0.2408917211835602,0.23036877601231553,-0.24239950873130428,0.30387081740919075
BAND,2020-07-18,4.215685844421387,2.995882987976074,3.156169891357422,4.100595951080322,1.0,-0.29052627011225013,0.29923169291647883,-0.28934861407177115,0.3687436951102546
BAND,2020-07-19,5.163651943206787,3.7538321018218994,4.100595951080322,3.970508098602295,1.0,-0.33436310258825674,-0.03172413327964074,-0.2730276666380705,0.057721280788033416
BAND,2020-07-20,4.782464981079102,3.618936061859131,3.9728400707244873,4.436333179473877,1.0,-0.37393483880418166,0.11666543341747633,-0.24329063021334144,0.22586669221086772
BAND,2020-07-21,5.027018070220947,4.324972152709961,4.438692092895508,4.552041053771973,1.0,-0.40694622682929077,0.02553656764295257,-0.139654544245577,0.05250181805673219
BAND,2020-07-22,4.934998035430908,4.138897895812988,4.552041053771973,4.442354202270508,1.0,-0.42447634150161834,-0.024096191182321317,-0.16131721510369498,0.07331814267863516
BAND,2020-07-23,4.470051765441895,4.052886962890625,4.442354202270508,4.192180156707764,1.0,-0.4371413503733342,-0.05631564575262347,-0.0933243784280943,0.03436888200745454
BAND,2020-07-24,4.636569976806641,3.931746006011963,4.196702003479004,4.057655811309815,1.0,-0.44798683677450607,-0.033132252910480976,-0.15201409108897207,0.032023890939375535
BAND,2020-07-25,4.200432777404785,3.677366971969605,4.057023048400879,3.812613010406494,1.0,-0.4483670613600574,-0.06024368978892583,-0.12452664598012056,0.03677795538704454
BAND,2020-07-26,3.84149694442749,3.016026020050049,3.8125739097595215,3.287487030029297,1.0,-0.4382308273094744,-0.13772503619827386,-0.21488261902039946,0.09000618965971101
BAND,2020-07-27,4.18480110168457,3.213505983352661,3.288642883300781,3.878494024276733,1.0,-0.4319674152564054,0.17936004665362873,-0.23210066493743736,0.2069353672807815
BAND,2020-07-28,4.121860027313232,3.787255048751831,3.8891971111297607,3.9087960720062256,1.0,-0.41851764253854196,0.005039333393614396,-0.081178151694663,0.032092114655560604
BAND,2020-07-29,4.300909996032715,3.7614800930023193,3.9087960720062256,3.981038093566896,1.0,-0.4022620138299606,0.01848191111274613,-0.12542227192105423,0.05837010834459337
BAND,2020-07-30,4.362954139709473,3.958477020263672,3.981038093566896,4.233713150024414,1.0,-0.39332544293697225,0.06346964046031738,-0.09270716732143665,0.06953081408627423
BAND,2020-07-31,4.292357921600342,3.944914102554321,4.238382816314697,3.981972932815552,1.0,-0.3800416519327794,-0.060497103402777384,-0.08094474538052542,0.009394077867813615
BAND,2020-08-01,4.132932186126709,3.5517261028289795,3.982055902481079,4.045162200927734,1.0,-0.35450941640619577,0.015847667635036453,-0.14062802318622672,0.13892853328575333
BAND,2020-08-02,4.240571975708008,3.989639043807984,4.041125774383545,4.216090202331543,1.0,-0.31170263653014857,0.043295961995809956,-0.0591743126487384,0.056759811109984196
BAND,2020-08-03,5.0509867668151855,4.154205799102783,4.2248640060424805,4.988925933837891,1.0,-0.2799749708506242,0.18084888098235455,-0.17754569732873254,0.2009337464492945
BAND,2020-08-04,7.663690090179443,4.845861911773682,4.98866081237793,7.151236057281494,1.0,-0.2588210528646782,0.43349815235739314,-0.3676855594691438,0.47574078409180254
BAND,2020-08-05,8.547990798950195,7.09246301651001,7.151236057281494,8.088932037353516,1.0,-0.2459958349571749,0.13112362290393778,-0.17027718169969758,0.1404968934661909
BAND,2020-08-06,8.75208854675293,7.57770299911499,8.049354553222656,8.578462600708008,1.0,-0.2433454281598761,0.06573297821419939,-0.13418346276599802,0.13206635331444075
BAND,2020-08-07,12.38645076751709,8.531790733337402,8.5726318359375,10.803845405578612,1.0,-0.2585170141828582,0.2602717126247737,-0.3111997219000264,0.2663045476916478
BAND,2020-08-08,15.379536628723145,10.185254096984863,10.797459602355955,14.897482872009276,1.0,-0.29468040496336306,0.37972110298599443,-0.3377398589524037,0.46265205856959146
BAND,2020-08-09,17.691293716430664,12.81425952911377,14.943689346313477,14.374817848205566,1.0,-0.3273905315814373,-0.038067674248611676,-0.2756742534203354,0.12178294934219462
BAND,2020-08-10,14.873698234558104,11.585775375366213,14.357279777526855,12.561785697937012,1.0,-0.3556515555374884,-0.12505809647871405,-0.22105617630137261,0.08424212372061016
BAND,2020-08-15,15.434057235717772,14.327889442443848,14.723703384399414,14.506573677062988,1.0,-0.38129496493458453,-0.014746949301253028,-0.07167057737184042,0.012471078544884641
BAND,2020-08-16,15.43703842163086,13.578227996826172,14.506573677062988,13.622774124145508,1.0,-0.40291136962284807,-0.060924072947349146,-0.12041237276445878,0.0032807025577820848
BAND,2020-08-17,14.033879280090332,12.44720458984375,13.605672836303713,12.772380828857422,1.0,-0.4197970039988705,-0.06124592421646627,-0.11306030631869374,0.026124439159536127
BAND,2020-08-18,13.259445190429688,11.658795356750488,12.773213386535645,12.010689735412598,1.0,-0.429119292805746,-0.05969708859063058,-0.12071770807081018,0.030182739116212477
BAND,2020-08-19,13.046960830688477,11.88143825531006,12.010689735412598,12.323874473571776,1.0,-0.44182703379255606,0.02607549983043661,-0.08933287916653557,0.03723759773476762
BAND,2020-08-20,12.39242458343506,10.14866542816162,12.30237865447998,10.33803653717041,1.0,-0.4518115654410337,-0.15967173279894487,-0.18105893162123185,0.01865970558880612
BAND,2020-08-21,13.34275722503662,9.774085998535156,10.364497184753418,12.38643741607666,1.0,-0.4705232127558888,0.19508329205758246,-0.2674613025113832,0.2672732179697434
BAND,2020-08-22,12.49407958984375,11.509682655334473,12.3388090133667,11.78339385986328,1.0,-0.47933836237592303,-0.04501367619044395,-0.07878907185043697,0.023780951458461628
BAND,2020-08-23,12.264843940734863,11.320347785949709,11.763616561889648,11.746870994567873,1.0,-0.47272607534978034,-0.0014235050278692222,-0.0770084119577117,0.03767757110320806
BAND,2020-08-24,11.75197410583496,10.332406044006348,11.73673152923584,11.131961822509766,1.0,-0.45842907026186763,-0.05152794926079815,-0.12079400865287675,0.07738330986007143
BAND,2020-08-25,13.609756469726562,10.93628215789795,11.123124122619627,13.01462459564209,1.0,-0.4445049184554561,0.1700511881527932,-0.1964380713038818,0.19004104024905816
BAND,2020-08-26,14.028193473815918,11.653103828430176,13.021326065063477,12.108231544494627,1.0,-0.411644947504519,-0.07012300559915349,-0.16930830401069993,0.039056351231855704
BAND,2020-08-27,12.936923027038574,11.991719245910645,12.098885536193848,12.771092414855955,1.0,-0.3519529379807065,0.05555940476097562,-0.07306248782283269,0.0649926130659779
BAND,2020-08-28,13.709850311279297,12.720271110534668,12.77963161468506,12.74138641357422,1.0,-0.2983673871467755,-0.0029926685106394088,-0.07218016085343305,0.0016599727203978614
BAND,2020-08-29,14.47754955291748,12.73939609527588,12.73939609527588,13.73218822479248,1.0,-0.26054816695026306,0.07793086282047187,-0.12005853969198339,0.07793086282047187
BAND,2020-08-30,13.926568031311035,13.009923934936523,13.73472785949707,13.146343231201172,1.0,-0.21347160999176198,-0.04283919086820869,-0.06581981248457087,0.010485787384068516
BAND,2020-08-31,15.829548835754396,12.871175765991213,13.144835472106934,15.45587158203125,0.0,-0.18088585460996143,0.17581323971899737,-0.186889285377551,0.20081272006784603
BAND,2020-09-01,16.85426139831543,13.934982299804688,15.517369270324709,14.402399063110352,0.0,-0.15329842880760688,-0.07185304337292645,-0.17320718063637733,0.03354268798118354
BAND,2020-09-02,14.914627075195312,10.787837028503418,14.40282917022705,11.17436408996582,0.0,-0.12439875464237604,-0.2241549241544143,-0.2766941490314033,0.03582989439320671
BAND,2020-09-03,11.692431449890137,9.64763069152832,11.14405345916748,11.01718044281006,0.0,-0.09361791437421574,-0.011384817635906978,-0.17488242433792756,0.14195710792333244
BAND,2020-09-21,6.303688049316406,5.728950023651123,5.9422807693481445,6.220804214477539,0.0,-0.06277007879675578,0.04687147173625523,-0.09117488384083501,0.08585415980168595
BAND,2020-09-22,6.488218784332275,5.698720932006836,6.220480918884277,5.740437984466553,0.0,-0.019621020311302192,-0.07717135389972814,-0.12168175558936387,0.007320423820968876
BAND,2020-09-23,6.927703857421875,5.72537088394165,5.740437984466553,6.669463157653809,0.0,0.014765010445535682,0.16183872653988585,-0.1735543259679217,0.16489626486209305
BAND,2020-09-24,7.321850776672363,6.34462308883667,6.6176438331604,6.99061393737793,0.0,0.041713741653703736,0.056359954331269786,-0.13346730459860917,0.10181705666296824
BAND,2020-09-25,7.359928131103516,6.930146217346191,7.014060020446777,6.968553066253662,0.0,0.06267709917611751,-0.006487961902301566,-0.05839485197430652,0.005541996907848519
BAND,2020-09-26,7.227399826049805,6.366051197052002,6.968553066253662,6.47126579284668,0.0,0.09498897584164065,-0.07136162538751063,-0.11917821757878033,0.016527450461504396
BAND,2020-09-27,7.0939531326293945,6.47126579284668,6.47126579284668,6.517527103424072,0.0,0.11649149613621469,0.0071487267032872785,-0.08777719955867737,0.0071487267032872785
BAND,2020-09-28,6.982222080230713,6.255174160003662,6.519540786743164,6.69625186920166,0.0,0.13128887228720418,0.027104835791168062,-0.10412844390693271,0.0705140573092756
BAND,2020-09-29,6.6998209953308105,6.366733074188232,6.6922149658203125,6.502791881561279,0.0,0.14871767105500092,-0.028304990982281494,-0.049715943362473605,0.021370270402045175
BAND,2020-09-30,7.101408004760742,6.2203049659729,6.506698131561279,6.418979167938232,0.0,0.17832588797115304,-0.01348133290486595,-0.12407441428476655,0.03193962403003467
BAND,2020-10-04,6.098985195159912,5.752254962921143,5.997163772583008,5.874701976776123,0.0,0.20245758352037005,-0.02041995190572224,-0.05685047940662831,0.021286784859897576
BAND,2020-10-05,6.087234973907471,5.861878871917725,5.878481864929199,5.874146938323975,0.0,0.24559202499754937,-0.0007374228082741256,-0.03702109462764623,0.0020928556652751984
BAND,2020-10-06,5.900538921356201,5.058119773864746,5.873709201812744,5.4727067947387695,0.0,0.28764962817423234,-0.06827072864795847,-0.1427698653833861,0.0819646507811441
BAND,2020-10-07,5.857747077941895,5.069675922393799,5.477881908416748,5.6972479820251465,0.0,0.3101168514047386,0.04004578362146566,-0.1345348553056653,0.12378938402339153
BAND,2020-10-09,6.824925899505615,6.358075141906738,6.413365840911865,6.414488792419434,0.0,0.328336941957802,0.00017509550139879372,-0.06840378408103959,0.008872756180697997
BAND,2020-10-10,6.987522125244141,6.214069843292236,6.414021968841553,6.956151962280273,0.0,0.31488062082377266,0.08452262809081643,-0.11069049486907782,0.11941966178398783
BAND,2020-10-13,6.840291976928711,6.256929874420166,6.717959880828857,6.453863143920898,0.0,0.29470405998514965,-0.03931204436954377,-0.085283216634047,0.03147442491018526
BAND,2020-10-14,6.460022926330566,5.902247905731201,6.447163105010986,6.160165786743164,0.0,0.2836459989178943,-0.04451528735867668,-0.08634257601871911,0.04369824601259453
BAND,2020-10-15,6.250932216644287,5.842616081237793,6.16441011428833,6.0100998878479,0.0,0.2754079537032319,-0.02503244001932284,-0.06532083875734172,0.02866589286055314
BAND,2020-10-16,6.221198081970215,5.895382881164551,6.0100998878479,6.144211769104004,0.0,0.2677251470441023,0.022314418022780377,-0.05237177735104046,0.04220741772929606
BAND,2020-10-17,6.566105842590332,6.1303558349609375,6.1496992111206055,6.4863481521606445,0.0,0.24842770334995834,0.05474234258990603,-0.06636353693888841,0.058070416593032144
BAND,2020-10-18,6.511459827423096,6.064148902893066,6.497486114501953,6.129018783569336,0.0,0.23315178431903968,-0.05670921406206976,-0.06869595089048598,0.010697277015299145
BAND,2020-10-19,6.127326965332031,5.367893218994141,6.127326965332031,5.624319076538086,0.0,0.21902335526505146,-0.08209254894343443,-0.12394209589837646,0.04777029778397781
BAND,2020-10-20,6.111632823944092,5.6169610023498535,5.621053218841553,5.81463623046875,0.0,0.20142882944767665,0.03443892169145713,-0.08093938818710086,0.035192558402345885
BAND,2020-10-21,6.473464012145996,5.782210826873779,5.786358833312988,6.26298713684082,0.0,0.17593955192514055,0.08237102420676144,-0.1067825794621297,0.08314748880005443
BAND,2020-10-22,6.263690948486328,5.67765998840332,6.263690948486328,5.972436904907227,0.0,0.14748022253466667,-0.04649878896874461,-0.0935600055786001,0.051918733616664464
BAND,2020-10-23,6.072075843811035,5.805519104003906,5.972448825836182,6.040325164794922,0.0,0.10673864158048749,0.01136490925884779,-0.043898782996727045,0.0404453170482337
BAND,2020-10-24,6.086999893188477,5.699399948120117,6.040325164794922,5.744462013244629,0.0,0.06461932634070694,-0.048981328567323575,-0.06367668011660302,0.00790645779111798
BAND,2020-10-26,5.886147975921631,5.313425064086914,5.744464874267578,5.463626861572266,0.0,0.03907309843292258,-0.04888845503318,-0.097300121263948,0.028268357165805443
BAND,2020-10-27,5.766208171844482,5.334630966186523,5.463624000549316,5.453592777252197,1.0,0.02058738298853459,-0.001836001762952684,-0.07484592869284269,0.022299913868402788
BAND,2021-03-31,17.738130569458008,15.787713050842283,16.728452682495117,16.44492530822754,1.0,-0.025270792503802438,-0.016948810487670808,-0.10995620485362792,0.041628084781423935
BAND,2021-04-01,16.788074493408203,15.769987106323242,16.43826675415039,16.175321578979492,1.0,-0.06773856010281375,-0.01599591849332346,-0.06064348758308825,0.02570290450609971
BAND,2021-04-02,17.56932830810547,15.78250217437744,16.164794921875,15.802720069885254,1.0,-0.11207098670406826,-0.022398975906571417,-0.10170144825079575,0.0012810323283615702
BAND,2021-04-03,17.491981506347656,15.608142852783203,15.805623054504396,17.3414249420166,1.0,-0.16154899455476243,0.0971680700100286,-0.10769726991083474,0.11104986067732742
BAND,2021-04-04,18.92325592041016,16.41558265686035,17.304832458496094,17.669252395629883,1.0,-0.2065347829613926,0.021058853820619977,-0.13251806528944596,0.07637071220530825
BAND,2021-04-05,18.618282318115234,16.810077667236328,17.693695068359375,18.33482551574707,1.0,-0.2443771811453274,0.036234966461821325,-0.09711984274293432,0.09070439046706792
BAND,2021-04-06,18.37851905822754,15.169824600219728,18.32596778869629,15.98866081237793,1.0,-0.2751963746691965,-0.12754071180677523,-0.17458939144345093,0.05397796175878928
BAND,2021-04-07,17.594411849975586,15.920705795288086,16.056421279907227,17.153118133544922,1.0,-0.31149241624085305,0.06830269550849952,-0.09512713860280714,0.07740940345883299
BAND,2021-04-08,17.845787048339844,16.422704696655273,17.154830932617188,17.424657821655273,1.0,-0.34340055677545644,0.015728915668008884,-0.07974332249005273,0.061010238173743854
BAND,2021-04-09,17.843753814697266,16.495962142944336,17.424707412719727,17.042306900024414,1.0,-0.36857879304990754,-0.021945878552667514,-0.07553296720798745,0.03311990851735563
BAND,2021-04-10,18.569477081298828,16.49262046813965,17.03591537475586,17.990310668945312,1.0,-0.393300302822275,0.05602254256344182,-0.11184249314434198,0.09080971721254931
BAND,2021-04-11,18.158281326293945,16.487834930419922,17.98287010192871,16.872709274291992,1.0,-0.4135871437648542,-0.06173435171050093,-0.09199364002886924,0.023342928013063757
BAND,2021-04-12,17.261232376098633,16.115421295166016,16.847394943237305,17.030426025390625,1.0,-0.432822289807376,0.010864058376383622,-0.06638060689798744,0.05677820725041016
BAND,2021-04-13,17.873781204223633,15.86508560180664,16.997966766357422,17.661104202270508,1.0,-0.4544042123906533,0.03901275046763684,-0.11238224186957882,0.11320573021423504
BAND,2021-04-14,23.19291305541992,17.537776947021484,17.576404571533203,21.01427459716797,1.0,-0.48260049730476445,0.19559574949718386,-0.24383035002482767,0.19822909486466658
BAND,2021-04-15,22.05640983581543,19.289310455322266,20.91397285461425,21.105472564697266,0.0,-0.45064785351562087,0.009156543876873414,-0.12545556602779112,0.09415381195619092
BAND,2021-04-16,22.819629669189453,19.81981658935547,21.011808395385746,20.014686584472656,0.0,-0.41895091018854386,-0.04745530666137525,-0.13145757066707633,0.009832078628913518
BAND,2021-04-17,20.22549629211425,12.92597484588623,20.0345516204834,17.125368118286133,0.0,-0.385782300920224,-0.14520831597862693,-0.3609069137687386,0.32488019839651666
BAND,2021-04-18,18.04599952697754,14.724584579467772,17.132183074951172,15.378500938415527,0.0,-0.3433740827276946,-0.10236186064925311,-0.1840527005746885,0.04440983413953753
BAND,2021-04-19,16.90601921081543,13.606122970581056,15.310419082641602,16.269622802734375,0.0,-0.3032561459789627,0.06265038957557235,-0.19519061223610246,0.19575744228626302
BAND,2021-04-20,17.413076400756836,15.398995399475098,16.27342414855957,15.965877532958984,0.0,-0.26239623063626977,-0.01889870335787986,-0.11566485754316216,0.03681292959560271
BAND,2021-04-21,19.305099487304688,15.602401733398438,15.917258262634276,15.942358016967772,0.0,-0.23324365104850797,0.0015768893058936981,-0.1917989470264682,0.021788714928524442
BAND,2021-04-22,16.49028968811035,13.739008903503418,15.906575202941896,15.198649406433104,0.0,-0.19733670945983514,-0.04450523054000102,-0.16684247739993507,0.10624059662392973
BAND,2021-04-23,15.256794929504396,13.510066986083984,15.256794929504396,13.705633163452148,0.0,-0.1594403398641278,-0.10167022452746804,-0.11448852471907432,0.014475589023326574
BAND,2021-04-24,14.666166305541992,12.616979598999023,13.735710144042969,13.455679893493652,0.0,-0.1251793913119603,-0.020387023867911375,-0.13972204213780326,0.06647393600930984
BAND,2021-04-25,15.464717864990234,13.390247344970703,13.482041358947754,15.122832298278809,0.0,-0.09047565168773654,0.12170196601882514,-0.13414215106476765,0.12939155705431044
BAND,2021-04-26,17.290597915649414,14.766098022460938,15.095497131347656,16.77039337158203,0.0,-0.06528748358536421,0.11095336746189345,-0.1460041986693587,0.1357362890367062
BAND,2021-04-27,17.888399124145508,15.532960891723633,16.779752731323242,17.414995193481445,0.0,-0.04120626943231821,0.037857677185694036,-0.131674065190246,0.12116391168927809
BAND,2021-04-28,17.55866813659668,15.91777229309082,17.42662239074707,16.474178314208984,0.0,-0.013269905304380226,-0.05465454264067836,-0.09345218160857086,0.03495501825715113
BAND,2021-04-29,17.492034912109375,16.06527328491211,16.487380981445312,17.1737117767334,0.0,0.025298736086432558,0.04162764213797654,-0.0815663605959046,0.06899593129625078
BAND,2021-04-30,18.757307052612305,16.876192092895508,17.22845458984375,18.49440574645996,0.0,0.039479788273422536,0.07348025036224054,-0.10028704837216047,0.0958873687059822
BAND,2021-05-01,18.56680488586425,17.08172035217285,18.49501609802246,17.64266586303711,0.0,0.051531661373124156,-0.046085401086862925,-0.0799860042059289,0.03283893538234301
BAND,2021-05-02,18.92681312561035,17.618152618408203,17.618152618408203,18.321590423583984,0.0,0.05152508208443873,0.039926876580737486,-0.06914320432695384,0.039926876580737486
BAND,2021-05-03,19.633270263671875,15.804710388183594,18.31245422363281,18.34010505676269,0.0,0.04184602948638979,0.001509946880533278,-0.1950036761105662,0.1604201915952024
BAND,2021-05-04,20.62464141845703,18.03271675109864,18.27387046813965,19.362260818481445,0.0,0.03299920991995226,0.05955992477014637,-0.12567125967285292,0.07372954867168327
BAND,2021-05-05,19.7550106048584,17.969585418701172,19.338022232055664,18.25743103027344,0.0,0.02396717348603582,-0.05587909605311041,-0.09037834612541958,0.016018489289836627
BAND,2021-05-06,19.24126243591309,17.39878273010254,18.30744171142578,17.9504337310791,0.0,0.019907882279680118,-0.019500702827521168,-0.09575669538042533,0.031706298626404616
BAND,2021-05-07,18.398038864135746,17.272878646850586,17.880542755126953,17.711299896240234,0.0,0.011266550497776072,-0.009465196957636597,-0.06115653008421964,0.025382060416987127
BAND,2021-05-08,18.048337936401367,16.55482292175293,17.724201202392578,17.67437171936035,0.0,-0.003566273141691908,-0.0028113810299953104,-0.08275083389458228,0.06762674556526618
BAND,2021-05-09,18.428579330444336,15.396018981933594,17.712636947631836,16.143592834472656,0.0,-0.015695190541675237,-0.08858331584383089,-0.16455746773170407,0.04855630883647913
BAND,2021-05-10,16.939470291137695,15.62500286102295,16.133949279785156,16.861352920532227,0.0,-0.024647973241662097,0.04508528123727662,-0.0775979063998502,0.07912638932011914
BAND,2021-05-11,17.931745529174805,14.031841278076172,16.82566261291504,14.031841278076172,0.0,-0.019651596632205826,-0.1660452488031221,-0.2174860358548765,0.0
BAND,2021-05-12,16.04163932800293,13.42226505279541,14.429692268371582,14.62656307220459,0.0,-0.013537174218979984,0.013643451306617855,-0.1632859473803924,0.08972390387704082
BAND,2021-05-13,15.870586395263672,14.430020332336426,14.613285064697266,15.216465950012209,0.0,-0.013463087238610104,0.041276200569857216,-0.09076955488910986,0.05450065901247738
BAND,2021-05-14,15.366310119628906,13.79990577697754,15.230854988098145,13.868102073669434,0.0,-0.014721334726429395,-0.08947317241833158,-0.10193757189960928,0.004941794371209767
BAND,2021-05-15,15.207316398620604,13.049306869506836,13.814447402954102,14.034456253051758,0.0,-0.011193299336670168,0.015925997159365872,-0.1419060058032009,0.07549438398502104
BAND,2021-05-16,14.100136756896973,12.160691261291504,14.05233669281006,12.542652130126951,0.0,-0.0057642723716657155,-0.10743299108791962,-0.13754799184176736,0.03140947012208597
BAND,2021-05-17,14.24885368347168,12.411964416503906,12.495475769042969,13.746009826660156,0.0,0.006128112885623944,0.10007894703099939,-0.12891488029654763,0.10748060221494031
BAND,2021-05-18,13.979940414428713,6.32017707824707,13.761479377746582,9.04684829711914,0.0,0.03188120832213166,-0.3425962391987724,-0.5479110145759986,0.43142323151938095
BAND,2021-05-19,10.856369972229004,7.914002895355225,8.964081764221191,10.293478965759276,0.0,0.05808443781097234,0.14830266350806579,-0.2710267874437278,0.30066656556324733
BAND,2021-05-20,10.740411758422852,7.17082405090332,10.257549285888672,8.435129165649414,0.0,0.08514279267632663,-0.17766623093357828,-0.33235110420419284,0.17631238833517707
BAND,2021-05-21,8.628253936767578,7.38822078704834,8.446985244750977,8.0012788772583,0.0,0.11285247924246097,-0.05276514100337055,-0.14371773927921674,0.08297777068122555
BAND,2021-05-22,8.279462814331055,5.2747907638549805,8.01086711883545,6.836751937866211,0.0,0.14487270222729753,-0.14656530479810542,-0.3629066423579123,0.2961181294079807
BAND,2021-05-23,8.353829383850098,6.6298418045043945,6.837018966674805,8.161026000976562,0.0,0.17719162021180598,0.1936526782732754,-0.20637093482883115,0.23095335328089772
BAND,2021-05-24,8.605273246765137,7.260939121246338,8.190428733825684,8.072593688964844,0.0,0.20401703657512424,-0.014386920232172027,-0.15622213112455854,0.11178368998350527
BAND,2021-05-25,9.423830032348633,7.901845932006836,8.082271575927734,9.191025733947754,0.0,0.22867250691983304,0.1371834820946053,-0.1615037723640357,0.16314919488863083
BAND,2021-05-26,9.561256408691406,8.174893379211426,9.188121795654297,8.620919227600098,0.0,0.23940722960483593,-0.06173215600194469,-0.14499799714813044,0.054560448399596964
BAND,2021-05-27,8.784177780151367,7.184167861938477,8.67663288116455,7.518269062042236,0.0,0.2556175689158482,-0.13350384129273457,-0.18214680511456127,0.04650520512943729
BAND,2021-05-28,7.834334850311279,6.408959865570068,7.522776126861572,6.801698207855225,0.0,0.27951342254826494,-0.09585263562896616,-0.1819395024562394,0.06127957586300514
BAND,2021-05-29,7.625021934509277,6.353702068328857,6.800548076629639,7.393799781799316,0.0,0.2945244423513759,0.08723586665145586,-0.16672999462817126,0.16369947823883788
BAND,2021-05-30,9.883959770202637,6.9846720695495605,7.391739845275879,8.99703311920166,0.0,0.303319523949847,0.2171739411191179,-0.2933326083938155,0.28811102792144055
BAND,2021-05-31,9.14871883392334,8.234803199768066,8.975113868713379,8.55188274383545,0.0,0.30771921029213367,-0.04715607301131675,-0.09989547725157813,0.0385048113932235
BAND,2021-06-01,9.08554458618164,8.147256851196289,8.559730529785156,8.600237846374512,0.0,0.3174800942532765,0.004732312126930025,-0.10327259154199842,0.0555992039347219
BAND,2021-06-02,9.436415672302246,8.483038902282715,8.601116180419922,9.130337715148926,0.0,0.2993378205648339,0.0615294019552665,-0.10103166320003064,0.07630506241012619
BAND,2021-06-03,9.140728950500488,7.959556102752685,9.140728950500488,8.225408554077148,0.0,0.2886946268402181,-0.10013647723065049,-0.12922085909604947,0.03340041176825464
BAND,2021-06-04,8.706706047058105,7.683895111083984,8.227457046508789,7.944348812103271,0.0,0.26968315235090246,-0.03441017471196056,-0.11747392532216211,0.033896051059258074
BAND,2021-06-05,8.138216972351074,7.815514087677002,7.9408721923828125,8.095062255859375,0.0,0.24691587052534752,0.019417270513995614,-0.03965277477492046,0.03576836597648088
BAND,2021-06-06,8.384126663208008,7.200109958648682,8.09127140045166,7.248587131500244,0.0,0.219191547863737,-0.10414732459776059,-0.1412212329466749,0.006732837849695938
BAND,2021-06-07,7.419911861419678,6.427250862121582,7.268406867980957,7.083418846130371,0.0,0.19903366926522445,-0.025450972298414073,-0.1337833949833693,0.10209154708366144
BAND,2021-06-08,7.8837890625,6.793082237243652,7.071765899658203,7.753673076629639,0.0,0.17841115948096514,0.09642671811356113,-0.13834804769757214,0.14140721484563593
BAND,2021-06-09,7.803449153900146,7.056363105773926,7.7585368156433105,7.113474845886231,0.0,0.1648982413849282,-0.08314221934946028,-0.0957379273436834,0.008093650972350534
BAND,2021-06-10,7.267774105072021,6.4342451095581055,7.112249851226807,6.554689884185791,0.0,0.15729405026387946,-0.07839431666546992,-0.11468834659186965,0.018719332660915293
BAND,2021-06-11,6.78799295425415,6.0889739990234375,6.567185878753662,6.526575088500977,0.0,0.1393325291614307,-0.006183895355249602,-0.10297873906787511,0.07186778750372763
BAND,2021-06-12,6.981450080871582,6.186828136444092,6.526412010192871,6.965146064758301,0.0,0.11090923837418644,0.06722438820598825,-0.11381903977293606,0.12580241622188504
BAND,2021-06-13,7.303764820098877,6.714425086975098,6.955016136169434,6.968689918518066,0.0,0.09014331040788823,0.0019660317216983235,-0.08068985620977333,0.037868444170477314
BAND,2021-06-14,7.989130973815918,7.236806869506836,7.2624192237854,7.879415035247803,0.0,0.07659125019048328,0.08495733893213683,-0.09416845296125405,0.08879719706887222
BAND,2021-06-15,7.300195217132568,6.778754234313965,7.294393062591553,6.851276874542236,0.0,0.0689482486856153,-0.06074750623486227,-0.07142836147653316,0.01069852036546226
BAND,2021-06-16,7.241293907165527,6.689319133758545,6.860192775726318,6.971182823181152,0.0,0.05601705948247706,0.01617885256046365,-0.07622598674813945,0.042136379470990484
BAND,2021-06-17,7.029821872711182,6.155131816864014,6.984805107116699,6.370554924011231,0.0,0.06885472134994658,-0.08794091942230697,-0.12442563576789854,0.0349989429238534
BAND,2021-06-18,6.4994049072265625,6.08214807510376,6.384151935577393,6.114871025085449,0.0,0.0702967091657027,-0.04217958989843326,-0.06419923640376105,0.0053801633201985485
BAND,2021-06-19,6.307054996490479,5.732287883758545,6.08811092376709,6.193488121032715,0.0,0.07654916065855213,0.017308685499511502,-0.09113082303099623,0.08045657277278445
BAND,2021-06-20,6.244383811950684,4.860754013061523,6.182688236236572,4.868134021759033,0.0,0.09247265948236237,-0.21261855106537178,-0.22157987730368675,0.0015182847512296763
BAND,2021-06-21,5.245204925537109,4.074087142944336,4.864939212799072,4.734241008758545,0.0,0.10656110706496326,-0.026865331368720092,-0.22327398056289496,0.16203724727820057
BAND,2021-06-22,5.466638088226318,4.542932987213135,4.735343933105469,5.216844081878662,0.0,0.11160648882793914,0.10168219153142324,-0.16897132864943049,0.14834273289136465
BAND,2021-06-24,5.694143295288086,5.083662986755371,5.437942028045654,5.619146347045898,0.0,0.12127513101256923,0.03332222338261434,-0.10721196795976111,0.10533415800489512
