,symbol,Date,High,Low,Open,Close,signal
0,REP,2019-01-01,8.2582368850708,7.710823059082031,7.8295698165893555,8.195202827453613,0.0
1,REP,2019-01-02,8.91582202911377,8.043581008911133,8.278380393981934,8.868500709533691,0.0
2,REP,2019-01-03,9.569430351257324,8.538808822631836,8.870943069458008,8.638993263244629,0.0
3,REP,2019-01-04,9.245858192443848,8.656782150268555,8.656782150268555,9.245858192443848,0.0
4,REP,2019-01-05,10.029096603393556,8.882250785827637,9.232562065124512,9.298465728759766,0.0
5,REP,2019-01-06,9.74154567718506,9.139561653137209,9.296456336975098,9.527250289916992,0.0
6,REP,2019-01-07,9.69894313812256,9.330743789672852,9.538833618164062,9.395186424255373,0.0
7,REP,2019-01-08,10.173670768737791,9.379176139831545,9.40371322631836,10.04837417602539,0.0
8,REP,2019-01-09,10.398069381713867,9.886924743652344,10.068182945251465,9.91494369506836,0.0
9,REP,2019-01-10,9.974299430847168,8.850911140441895,9.92588233947754,9.119573593139648,0.0
10,REP,2019-01-11,9.53168487548828,9.113360404968262,9.113360404968262,9.3975248336792,0.0
11,REP,2019-01-12,9.406187057495115,8.959654808044434,9.385851860046388,9.094035148620604,0.0
12,REP,2019-01-13,9.197549819946287,8.16525936126709,9.090546607971191,8.194138526916504,1.0
13,REP,2019-01-14,11.326215744018556,8.163556098937988,8.186484336853027,10.192126274108888,1.0
14,REP,2019-01-15,11.113166809082031,9.55904483795166,10.191279411315918,9.747332572937012,1.0
15,REP,2019-01-16,14.05737590789795,9.587200164794922,9.714336395263672,13.863478660583496,1.0
16,REP,2019-01-17,16.330856323242188,14.00563907623291,14.00563907623291,15.009539604187012,1.0
17,REP,2019-01-18,15.365253448486328,12.741840362548828,15.128053665161133,15.156065940856934,1.0
18,REP,2019-01-19,19.312124252319336,14.69261074066162,15.181452751159668,17.35941505432129,1.0
19,REP,2019-01-20,20.104904174804688,17.294696807861328,17.375791549682617,18.048274993896484,1.0
20,REP,2019-01-21,18.091514587402344,16.369050979614258,18.091514587402344,16.84679412841797,1.0
21,REP,2019-01-22,17.270130157470703,14.758282661437988,17.270130157470703,15.281909942626951,1.0
22,REP,2019-01-23,15.560352325439451,14.367365837097168,15.43822193145752,14.53130340576172,1.0
23,REP,2019-01-24,15.039616584777832,13.885814666748049,14.566712379455566,14.924276351928713,1.0
24,REP,2019-01-25,14.922271728515623,13.843844413757324,14.922271728515623,14.101553916931152,1.0
25,REP,2019-01-26,14.157425880432127,13.618837356567385,14.099181175231934,13.750255584716797,1.0
26,REP,2019-01-27,13.761808395385742,12.526190757751465,13.761808395385742,13.049516677856444,1.0
27,REP,2019-01-28,13.00901222229004,10.911425590515137,13.00901222229004,11.336124420166016,1.0
28,REP,2019-01-29,12.579960823059082,11.32472801208496,11.37397575378418,12.073984146118164,1.0
29,REP,2019-01-30,12.178988456726074,11.6790771484375,12.020818710327148,12.03101921081543,1.0
30,REP,2019-01-31,12.783376693725586,11.622201919555664,12.029422760009766,12.589995384216309,1.0
31,REP,2019-02-01,13.273216247558594,12.033416748046877,12.493709564208984,12.788002967834473,1.0
32,REP,2019-02-02,15.36454963684082,12.767550468444824,12.767550468444824,14.688105583190918,0.0
33,REP,2019-02-03,15.79624366760254,13.950737953186035,14.684879302978516,14.34646224975586,0.0
34,REP,2019-02-04,14.86468505859375,13.488077163696287,14.46053409576416,13.600711822509766,0.0
35,REP,2019-02-05,13.971440315246582,13.210030555725098,13.600472450256348,13.468497276306152,0.0
36,REP,2019-02-06,13.864136695861816,13.059109687805176,13.507880210876465,13.071873664855955,0.0
37,REP,2019-02-07,13.35688304901123,12.929876327514648,12.981500625610352,13.105433464050291,0.0
38,REP,2019-02-08,14.234679222106934,12.963765144348145,13.122222900390623,13.88369369506836,0.0
39,REP,2019-02-09,14.015864372253418,13.677986145019531,13.86207103729248,13.804753303527832,0.0
40,REP,2019-02-10,13.86683464050293,13.380791664123535,13.795709609985352,13.65977382659912,0.0
41,REP,2019-02-11,13.756836891174316,13.247365951538086,13.633596420288086,13.464534759521484,0.0
42,REP,2019-02-12,14.466190338134766,13.30528736114502,13.701597213745115,13.67232894897461,0.0
43,REP,2019-02-13,13.691235542297363,13.401083946228027,13.691235542297363,13.482873916625977,0.0
44,REP,2019-02-14,13.774378776550291,13.378342628479004,13.47415542602539,13.503999710083008,0.0
45,REP,2019-02-15,13.665766716003418,13.418280601501465,13.507927894592283,13.510637283325195,0.0
46,REP,2019-02-16,13.61637020111084,13.461016654968262,13.50919246673584,13.491668701171877,0.0
47,REP,2019-02-17,13.755464553833008,13.421218872070312,13.51930809020996,13.732437133789062,0.0
48,REP,2019-02-18,14.347843170166016,13.617197036743164,13.723484992980955,14.19907569885254,0.0
49,REP,2019-02-19,14.577247619628906,14.04465389251709,14.227157592773438,14.063937187194824,0.0
50,REP,2019-02-20,14.168883323669434,13.832683563232422,14.095253944396973,14.168883323669434,0.0
51,REP,2019-02-21,14.124110221862791,13.657085418701172,14.124110221862791,13.762754440307615,0.0
52,REP,2019-02-22,14.009222984313965,13.674580574035645,13.75195598602295,13.952632904052734,0.0
53,REP,2019-02-23,14.214781761169434,13.787835121154783,13.941694259643556,14.14156436920166,0.0
54,REP,2019-02-24,14.401225090026855,12.694334983825684,14.147887229919434,12.694334983825684,0.0
55,REP,2019-02-25,13.314040184020996,12.651969909667969,12.651969909667969,13.19369411468506,0.0
56,REP,2019-02-26,13.1664400100708,12.815237998962402,13.149077415466309,13.017481803894045,0.0
57,REP,2019-02-27,13.093462944030762,12.720148086547852,13.026159286499023,12.822750091552734,0.0
58,REP,2019-02-28,12.886940002441406,12.55477523803711,12.822731018066406,12.60197925567627,0.0
59,REP,2019-03-01,12.931780815124512,12.57805061340332,12.59848690032959,12.782388687133787,0.0
60,REP,2019-03-02,12.83616542816162,12.498177528381348,12.762480735778809,12.6989164352417,0.0
61,REP,2019-03-03,13.657144546508787,12.649331092834473,12.68058967590332,12.874874114990234,0.0
62,REP,2019-03-04,12.884759902954102,12.015487670898438,12.857686042785645,12.29022216796875,1.0
63,REP,2019-03-05,12.812688827514648,12.242219924926758,12.284655570983888,12.763564109802246,1.0
64,REP,2019-03-06,12.84471321105957,12.527685165405272,12.763896942138672,12.67733097076416,1.0
65,REP,2019-03-07,13.18801975250244,12.599261283874512,12.670049667358398,12.927873611450195,1.0
66,REP,2019-03-08,13.269915580749512,12.697518348693848,12.943942070007324,12.75852108001709,1.0
67,REP,2019-03-09,13.572903633117676,12.70551300048828,12.745953559875488,13.14480972290039,1.0
68,REP,2019-03-10,13.775124549865724,13.132049560546877,13.172144889831545,13.622658729553224,1.0
69,REP,2019-03-11,15.312996864318848,13.623373031616213,13.637627601623535,14.5664701461792,1.0
70,REP,2019-03-12,14.815869331359863,13.457589149475098,14.652142524719238,13.98245906829834,1.0
71,REP,2019-03-13,14.374107360839844,13.659790992736816,13.97135066986084,14.045538902282717,1.0
72,REP,2019-03-14,14.404050827026367,13.74740219116211,14.051355361938477,14.337679862976074,1.0
73,REP,2019-03-15,15.117144584655762,13.9376220703125,14.343631744384766,14.625650405883787,1.0
74,REP,2019-03-16,14.9217529296875,13.856752395629885,14.649211883544922,13.981290817260742,1.0
75,REP,2019-03-17,14.847250938415527,13.85232925415039,14.01149082183838,14.785870552062988,1.0
76,REP,2019-03-18,15.412091255187988,14.60204029083252,14.785449981689451,14.987646102905272,1.0
77,REP,2019-03-19,15.014852523803713,14.610474586486816,15.01369857788086,14.799298286437988,1.0
78,REP,2019-03-20,15.145096778869627,14.67779541015625,14.805268287658691,15.060444831848145,1.0
79,REP,2019-03-21,15.07505702972412,14.163531303405762,15.07505702972412,14.678340911865234,1.0
80,REP,2019-03-22,15.30622386932373,14.647871017456056,14.667211532592772,15.208623886108398,1.0
81,REP,2019-03-23,15.706671714782717,15.183594703674316,15.21452522277832,15.51138973236084,1.0
82,REP,2019-03-24,15.775483131408691,15.269603729248049,15.513999938964844,15.347957611083984,1.0
83,REP,2019-03-25,15.646302223205566,14.927888870239258,15.368423461914062,15.11167812347412,1.0
84,REP,2019-03-26,15.116571426391602,14.752705574035645,15.074539184570312,14.95393180847168,1.0
85,REP,2019-03-27,15.591839790344238,14.967424392700195,14.98399543762207,15.366742134094238,1.0
86,REP,2019-03-28,15.54465675354004,15.255900382995604,15.361211776733398,15.380660057067873,1.0
87,REP,2019-03-29,15.381067276000977,14.33370590209961,15.381067276000977,14.712560653686523,1.0
88,REP,2019-03-30,17.54450035095215,14.724836349487305,14.724836349487305,15.741275787353516,1.0
89,REP,2019-03-31,15.816448211669922,15.031618118286133,15.741275787353516,15.43397331237793,1.0
90,REP,2019-03-31,15.854657173156738,15.324652671813965,15.439553260803224,15.814496040344238,1.0
91,REP,2019-04-01,19.520544052124023,15.800859451293944,15.824959754943848,17.622873306274414,1.0
92,REP,2019-04-02,25.120006561279297,17.615083694458008,17.651987075805664,19.884567260742188,1.0
93,REP,2019-04-03,20.92158889770508,18.64198112487793,19.890209197998047,19.3126277923584,1.0
94,REP,2019-04-04,19.842702865600582,18.969711303710938,19.331653594970703,19.689678192138672,1.0
95,REP,2019-04-05,23.93671989440918,19.48798179626465,19.703758239746094,21.315486907958984,1.0
96,REP,2019-04-06,22.98070907592773,20.74339866638184,21.279033660888672,22.23128890991211,1.0
97,REP,2019-04-07,24.555885314941406,20.942462921142575,22.230270385742188,22.334857940673828,1.0
98,REP,2019-04-08,22.33136749267578,20.34614372253418,22.33136749267578,20.6192684173584,1.0
99,REP,2019-04-09,21.00206184387207,19.81354522705078,20.604171752929688,19.95879173278809,1.0
100,REP,2019-04-10,20.056665420532227,17.30515480041504,19.97105026245117,18.296836853027344,1.0
101,REP,2019-04-11,20.64930534362793,17.979917526245117,18.29787826538086,19.45538902282715,1.0
102,REP,2019-04-12,19.488698959350582,18.661401748657227,19.455549240112305,18.864585876464844,1.0
103,REP,2019-04-13,20.297290802001957,18.721960067749023,18.86253929138184,20.23122787475586,1.0
104,REP,2019-04-14,20.48090934753418,18.443279266357425,20.23122787475586,18.8018741607666,1.0
105,REP,2019-04-15,19.177684783935547,18.522581100463867,18.808006286621094,19.14248275756836,1.0
106,REP,2019-04-16,20.09356117248535,19.078725814819336,19.13286781311035,20.09356117248535,1.0
107,REP,2019-04-17,23.13376235961914,20.09194564819336,20.09194564819336,21.307111740112305,1.0
108,REP,2019-04-18,22.41826438903809,20.9530029296875,21.31029891967773,22.09638786315918,1.0
109,REP,2019-04-19,22.17030906677246,21.444738388061523,22.116811752319336,21.679256439208984,1.0
110,REP,2019-04-20,21.724180221557617,20.19997787475586,21.681663513183597,20.886873245239254,1.0
111,REP,2019-04-21,23.670425415039062,20.825008392333984,20.86577033996582,22.921804428100582,0.0
112,REP,2019-04-22,22.95614624023437,21.548490524291992,22.93787002563477,21.70381546020508,0.0
113,REP,2019-04-23,22.00837516784668,20.392717361450195,21.699766159057617,21.7511043548584,0.0
114,REP,2019-04-24,22.88064193725586,21.056140899658203,21.755355834960938,21.39328956604004,0.0
115,REP,2019-04-25,22.55950927734375,20.935415267944336,21.44048118591309,22.100461959838867,0.0
116,REP,2019-04-26,22.327363967895508,21.45441246032715,22.104427337646484,21.837671279907227,0.0
117,REP,2019-04-27,22.381807327270508,21.39266586303711,21.82307243347168,21.482892990112305,0.0
118,REP,2019-04-28,21.581478118896484,19.917903900146484,21.48824119567871,20.721418380737305,0.0
119,REP,2019-04-29,21.32807159423828,20.323383331298828,20.7188777923584,21.275373458862305,0.0
120,REP,2019-04-30,21.41123390197754,20.29993057250977,21.27955436706543,20.539552688598636,0.0
121,REP,2019-05-01,21.021678924560547,20.336917877197266,20.54187393188477,20.457544326782227,0.0
122,REP,2019-05-02,21.1652946472168,20.068742752075195,20.43705940246582,20.675296783447266,0.0
123,REP,2019-05-03,21.22140121459961,20.02298164367676,20.675296783447266,20.4451847076416,0.0
124,REP,2019-05-04,20.507226943969727,20.10615348815918,20.433494567871094,20.33662414550781,0.0
125,REP,2019-05-05,20.78708267211914,19.87906646728516,20.3171329498291,20.78708267211914,0.0
126,REP,2019-05-06,21.18997573852539,19.84580421447754,20.7626895904541,19.84580421447754,0.0
127,REP,2019-05-07,20.06497573852539,19.738832473754883,19.924236297607425,19.94626808166504,0.0
128,REP,2019-05-08,20.231712341308597,18.902307510375977,19.94626808166504,19.026905059814453,0.0
129,REP,2019-05-09,19.625133514404297,18.938730239868164,19.019723892211918,19.52340316772461,0.0
130,REP,2019-05-10,21.360990524291992,19.50951194763184,19.514404296875,21.14048957824707,0.0
131,REP,2019-05-11,21.226341247558597,19.80349349975586,21.117429733276367,20.09785270690918,0.0
132,REP,2019-05-12,21.53209114074707,19.918092727661133,20.09785270690918,20.608030319213867,1.0
133,REP,2019-05-13,21.393150329589844,20.5330867767334,20.60039710998535,21.19862937927246,1.0
134,REP,2019-05-14,24.08574485778809,21.1370792388916,21.20267677307129,24.082120895385746,0.0
135,REP,2019-05-15,25.556957244873047,22.620929718017575,23.997583389282227,23.05728530883789,0.0
136,REP,2019-05-16,23.162500381469727,19.74205780029297,23.033100128173828,21.171293258666992,0.0
137,REP,2019-05-17,22.12386512756348,20.99723052978516,21.171293258666992,21.76642227172852,0.0
138,REP,2019-05-18,23.278303146362305,21.72017478942871,21.76310920715332,22.81624984741211,0.0
139,REP,2019-05-19,22.82129669189453,20.924842834472656,22.819318771362305,21.31054306030273,0.0
140,REP,2019-05-20,21.315231323242188,20.013376235961918,21.29324531555176,20.468955993652344,0.0
141,REP,2019-05-21,20.927146911621094,19.55828094482422,20.460525512695312,19.55828094482422,0.0
142,REP,2019-05-22,19.73883628845215,18.51488304138184,19.522350311279297,19.666486740112305,0.0
143,REP,2019-05-23,20.662227630615234,19.270925521850582,19.66360092163086,19.368650436401367,0.0
144,REP,2019-05-24,19.912277221679688,19.362533569335938,19.368650436401367,19.49989318847656,0.0
145,REP,2019-05-25,20.285324096679688,19.25111961364746,19.46750831604004,20.00748443603516,0.0
146,REP,2019-05-26,20.79673385620117,19.98177719116211,20.0095272064209,20.23960494995117,0.0
147,REP,2019-05-27,20.50518226623535,20.06405258178711,20.21828842163086,20.42881393432617,0.0
148,REP,2019-05-28,21.005556106567383,19.86235237121582,20.435121536254883,20.758909225463867,0.0
149,REP,2019-05-29,21.123085021972656,19.255239486694336,20.77669334411621,19.441970825195312,0.0
150,REP,2019-05-30,19.706052780151367,18.73384094238281,19.440654754638672,19.663061141967773,0.0
151,REP,2019-05-31,19.7089786529541,19.34745216369629,19.64360237121582,19.53764915466309,0.0
152,REP,2019-06-01,19.871143341064453,19.33587646484375,19.540185928344727,19.71574592590332,0.0
153,REP,2019-06-02,19.716936111450195,18.513336181640625,19.716806411743164,18.595474243164062,0.0
154,REP,2019-06-03,18.59700584411621,16.831785202026367,18.585914611816406,17.068435668945312,0.0
155,REP,2019-06-04,18.42794609069824,17.072555541992188,17.08024024963379,17.97080421447754,0.0
156,REP,2019-06-05,18.19786834716797,17.074901580810547,17.941814422607422,17.538667678833008,0.0
157,REP,2019-06-06,18.723892211914062,17.491853713989258,17.559669494628906,18.59857940673828,0.0
158,REP,2019-06-07,19.50336456298828,18.398975372314453,18.591333389282227,19.454984664916992,0.0
159,REP,2019-06-08,20.85877799987793,17.618301391601562,19.451982498168945,17.916765213012695,0.0
160,REP,2019-06-09,19.18356132507324,17.642715454101562,17.888458251953125,19.01400375366211,0.0
161,REP,2019-06-10,19.60007095336914,18.20775985717773,19.019155502319336,18.73975372314453,0.0
162,REP,2019-06-11,18.826217651367188,18.175594329833984,18.77326774597168,18.645387649536133,0.0
163,REP,2019-06-12,18.753761291503903,18.24571228027344,18.6629638671875,18.43647003173828,0.0
164,REP,2019-06-13,19.15536499023437,17.68356704711914,18.447139739990234,18.30535125732422,0.0
165,REP,2019-06-14,19.062442779541016,18.089866638183597,18.30687522888184,18.758832931518555,0.0
166,REP,2019-06-15,19.539766311645508,18.502084732055664,18.772396087646484,18.7332706451416,0.0
167,REP,2019-06-16,19.09329605102539,18.49802589416504,18.738754272460938,18.730627059936523,0.0
168,REP,2019-06-17,19.04723358154297,17.895004272460938,18.72878837585449,18.07622718811035,0.0
169,REP,2019-06-18,18.520225524902344,18.076295852661133,18.07863998413086,18.311302185058597,0.0
170,REP,2019-06-19,18.32599258422852,17.66908073425293,18.32303810119629,17.945449829101562,0.0
171,REP,2019-06-20,18.37451934814453,17.905473709106445,17.95255470275879,18.188241958618164,0.0
172,REP,2019-06-21,18.892894744873047,18.07024383544922,18.21293258666992,18.49483108520508,0.0
173,REP,2019-06-22,18.56779289245605,18.09583854675293,18.48137855529785,18.246225357055664,0.0
174,REP,2019-06-23,18.27846908569336,17.80818748474121,18.233022689819336,18.24544334411621,0.0
175,REP,2019-06-24,18.303674697875977,17.290990829467773,18.243953704833984,17.93636703491211,0.0
176,REP,2019-06-25,18.20724868774414,17.37808609008789,17.93198585510254,17.760934829711914,0.0
177,REP,2019-06-26,19.526084899902344,16.536422729492188,17.747098922729492,16.806838989257812,0.0
178,REP,2019-06-27,17.39728546142578,16.17080307006836,16.82969093322754,17.070941925048828,0.0
179,REP,2019-06-28,17.108171463012695,16.033845901489258,17.095230102539062,16.86782455444336,0.0
180,REP,2019-06-29,17.898727416992188,15.67119598388672,16.892641067504883,15.67119598388672,0.0
181,REP,2019-06-30,16.271400451660156,14.863553047180176,15.67314338684082,15.188481330871582,0.0
182,REP,2019-07-01,15.28042221069336,14.261788368225098,15.178683280944824,14.834673881530762,0.0
183,REP,2019-07-02,16.238378524780273,14.515872955322266,14.840364456176758,14.531558990478516,0.0
184,REP,2019-07-03,15.337364196777344,14.319000244140623,14.53351879119873,14.355113983154297,0.0
185,REP,2019-07-04,14.464676856994627,13.905674934387209,14.35194492340088,14.246259689331056,0.0
186,REP,2019-07-05,15.030203819274902,14.24672031402588,14.24672031402588,14.353437423706056,0.0
187,REP,2019-07-06,14.838323593139648,14.291600227355955,14.358592987060549,14.838323593139648,0.0
188,REP,2019-07-07,14.949549674987791,13.692205429077148,14.82691478729248,14.650117874145508,0.0
189,REP,2019-07-08,17.69540786743164,14.61044216156006,14.645156860351562,16.323617935180664,0.0
190,REP,2019-07-09,17.142057418823242,15.096284866333008,16.2918758392334,15.375271797180176,0.0
191,REP,2019-07-10,15.634234428405762,14.13209056854248,15.369051933288574,14.221817016601562,0.0
192,REP,2019-07-11,15.367386817932127,14.029330253601074,14.238033294677734,15.33621597290039,0.0
193,REP,2019-07-12,15.513648986816406,14.28280258178711,15.331162452697754,14.692910194396973,0.0
194,REP,2019-07-13,14.814026832580566,13.314981460571287,14.69789695739746,13.332426071166992,0.0
195,REP,2019-07-14,14.26646327972412,12.386866569519045,13.328688621520996,12.941080093383787,0.0
196,REP,2019-07-15,13.163653373718262,10.515887260437012,12.93130588531494,10.814377784729004,0.0
197,REP,2019-07-16,11.742806434631348,10.30559253692627,10.801224708557127,11.395257949829102,0.0
198,REP,2019-07-17,12.703269004821776,11.026025772094728,11.344178199768066,12.351757049560549,0.0
199,REP,2019-07-18,12.830020904541016,11.60869026184082,12.351757049560549,12.549253463745115,0.0
200,REP,2019-07-19,13.372151374816896,12.364415168762209,12.492019653320312,12.950828552246094,0.0
201,REP,2019-07-20,13.09654140472412,12.370509147644045,12.947199821472168,12.719021797180176,0.0
202,REP,2019-07-21,13.006722450256348,11.975820541381836,12.816688537597656,12.136263847351074,0.0
203,REP,2019-07-22,12.535482406616213,11.70711612701416,12.12499713897705,11.830572128295898,0.0
204,REP,2019-07-23,12.031499862670898,11.23549747467041,11.816617965698242,11.94325065612793,0.0
205,REP,2019-07-24,12.23822784423828,11.403223991394045,11.904809951782228,11.55804443359375,0.0
206,REP,2019-07-25,11.818671226501465,11.177811622619627,11.553055763244627,11.664793014526367,0.0
207,REP,2019-07-26,12.027429580688477,10.86747932434082,11.60371208190918,11.144867897033691,0.0
208,REP,2019-07-27,11.358800888061523,10.70462131500244,11.04041576385498,11.227850914001465,0.0
209,REP,2019-07-28,11.571828842163086,10.88675308227539,11.22552490234375,11.102426528930664,0.0
210,REP,2019-07-29,11.961464881896973,10.958418846130373,11.132365226745604,11.670050621032717,0.0
211,REP,2019-07-30,12.11318302154541,11.355005264282228,11.71401309967041,11.599821090698242,0.0
212,REP,2019-07-31,11.67335605621338,11.094970703125,11.598504066467283,11.197933197021484,0.0
213,REP,2019-08-01,11.591649055480955,10.985565185546877,11.20860481262207,11.186086654663086,0.0
214,REP,2019-08-02,11.413122177124023,11.022704124450684,11.19728660583496,11.276273727416992,0.0
215,REP,2019-08-03,11.267471313476562,10.625696182250977,11.244746208190918,10.989083290100098,0.0
216,REP,2019-08-04,13.402673721313477,10.923576354980469,10.992857933044434,11.943219184875488,0.0
217,REP,2019-08-05,11.942259788513184,10.78798007965088,11.942259788513184,11.053077697753906,0.0
218,REP,2019-08-06,11.64754867553711,10.850509643554688,11.059048652648926,11.198731422424316,0.0
219,REP,2019-08-07,11.22904109954834,10.819610595703123,11.190013885498049,11.216958045959473,0.0
220,REP,2019-08-08,11.277090072631836,10.278820037841797,11.206090927124023,11.022361755371094,0.0
221,REP,2019-08-09,11.148103713989258,10.700654983520508,11.019051551818848,10.924835205078123,0.0
222,REP,2019-08-10,11.304595947265623,10.78342342376709,10.93502140045166,11.05470085144043,0.0
223,REP,2019-08-11,11.24207878112793,10.860719680786133,11.06820297241211,11.058231353759766,0.0
224,REP,2019-08-12,11.063443183898926,10.516220092773438,11.006731033325195,10.731104850769045,0.0
225,REP,2019-08-13,10.889045715332031,9.6123046875,10.69848346710205,9.780035018920898,0.0
226,REP,2019-08-14,10.231178283691406,9.292460441589355,9.742732048034668,10.221549034118652,0.0
227,REP,2019-08-15,10.2504243850708,9.563232421875,10.15595817565918,9.879033088684082,0.0
228,REP,2019-08-16,9.885205268859863,9.464151382446287,9.86936092376709,9.650586128234863,0.0
229,REP,2019-08-17,10.100666999816896,9.475699424743652,9.652607917785645,9.75156593322754,0.0
230,REP,2019-08-18,10.445124626159668,9.66005039215088,9.820282936096191,10.234682083129885,0.0
231,REP,2019-08-19,11.58115291595459,10.101404190063477,10.242964744567873,10.1769437789917,0.0
232,REP,2019-08-20,10.519737243652344,9.471342086791992,10.194074630737305,9.87948226928711,0.0
233,REP,2019-08-21,10.296911239624023,9.549656867980955,9.981017112731934,10.177602767944336,0.0
234,REP,2019-08-22,10.183740615844728,9.768665313720703,10.177602767944336,9.9735107421875,0.0
235,REP,2019-08-23,10.01285457611084,9.610530853271484,9.97047996520996,9.911263465881348,0.0
236,REP,2019-08-24,9.99598789215088,9.589909553527832,9.93348503112793,9.64199924468994,0.0
237,REP,2019-08-25,9.846266746520996,9.55245590209961,9.631380081176758,9.764697074890137,0.0
238,REP,2019-08-26,9.761058807373049,9.436393737792969,9.761058807373049,9.497722625732422,0.0
239,REP,2019-08-27,9.510504722595217,8.159504890441895,9.485633850097656,8.41416072845459,0.0
240,REP,2019-08-28,8.508560180664062,7.8677978515625,8.427956581115723,8.15411376953125,0.0
241,REP,2019-08-29,8.507584571838379,7.988580226898193,8.163494110107422,8.19495677947998,0.0
242,REP,2019-08-30,8.2676362991333,7.710841178894043,8.205140113830566,8.010251998901367,1.0
243,REP,2019-08-31,8.180571556091309,7.800578117370605,8.005842208862305,8.089873313903809,1.0
244,REP,2019-09-01,9.266674995422363,7.73038911819458,8.084680557250977,8.366836547851562,1.0
245,REP,2019-09-02,8.60897445678711,8.097787857055664,8.370814323425293,8.367294311523438,1.0
246,REP,2019-09-03,11.338603019714355,8.286312103271484,8.36820125579834,8.419121742248535,1.0
247,REP,2019-09-04,9.257840156555176,8.406652450561523,8.410433769226074,9.119110107421877,1.0
248,REP,2019-09-05,12.39182472229004,9.099324226379396,9.119110107421877,11.066742897033691,1.0
249,REP,2019-09-06,11.852940559387209,10.664325714111328,11.09943962097168,10.96749210357666,1.0
250,REP,2019-09-07,11.332987785339355,10.880013465881348,10.934003829956056,11.036763191223145,1.0
251,REP,2019-09-08,11.070513725280762,10.46048355102539,11.039169311523438,10.67471981048584,1.0
252,REP,2019-09-09,10.88732624053955,10.03990077972412,10.69359016418457,10.29783058166504,1.0
253,REP,2019-09-10,10.447407722473145,10.021015167236328,10.27608585357666,10.320219039916992,1.0
254,REP,2019-09-11,11.123258590698242,10.169410705566406,10.321292877197266,10.607355117797852,1.0
255,REP,2019-09-12,10.703287124633787,10.287126541137695,10.581605911254885,10.60495662689209,1.0
256,REP,2019-09-13,10.731030464172363,10.265253067016602,10.609898567199709,10.628988265991213,1.0
257,REP,2019-09-14,10.84554672241211,10.331833839416504,10.632580757141112,10.5642728805542,1.0
258,REP,2019-09-15,10.818960189819336,10.273357391357422,10.570802688598633,10.490217208862305,1.0
259,REP,2019-09-16,11.879738807678224,10.15928840637207,10.488323211669922,10.729784965515137,1.0
260,REP,2019-09-17,11.504783630371094,10.59654426574707,10.73050022125244,10.740120887756348,1.0
261,REP,2019-09-18,10.9856538772583,10.315144538879396,10.73986530303955,10.902458190917969,0.0
262,REP,2019-09-19,11.0701322555542,10.570905685424805,10.900070190429688,10.749011993408203,0.0
263,REP,2019-09-20,11.016024589538574,10.562365531921388,10.791281700134276,10.834893226623535,0.0
264,REP,2019-09-21,10.890649795532228,10.486431121826172,10.834893226623535,10.591965675354004,0.0
265,REP,2019-09-22,11.18813419342041,10.421077728271484,10.591965675354004,10.710339546203612,0.0
266,REP,2019-09-23,10.71864128112793,8.520466804504395,10.71864128112793,9.042348861694336,0.0
267,REP,2019-09-24,9.209161758422852,8.08527946472168,9.02488899230957,8.65909194946289,0.0
268,REP,2019-09-25,9.03958225250244,7.748950004577637,8.663114547729492,8.040374755859375,0.0
269,REP,2019-09-26,8.518421173095703,7.909290790557861,8.011931419372559,8.397578239440918,0.0
270,REP,2019-09-27,8.624521255493164,8.264549255371094,8.407438278198242,8.535419464111328,0.0
271,REP,2019-09-28,8.623051643371582,8.056660652160645,8.53860092163086,8.348861694335938,0.0
272,REP,2019-09-29,8.633454322814941,7.920788764953613,8.347660064697266,8.366131782531738,0.0
273,REP,2019-09-30,8.930377006530762,8.260309219360352,8.387225151062012,8.366703033447266,0.0
274,REP,2019-10-01,8.584940910339355,8.193831443786621,8.341182708740234,8.520561218261719,0.0
275,REP,2019-10-02,8.99337387084961,8.163472175598145,8.516409873962402,8.374934196472168,0.0
276,REP,2019-10-03,8.398768424987793,8.076011657714844,8.377320289611816,8.20885944366455,0.0
277,REP,2019-10-04,8.35208511352539,8.07575798034668,8.210495948791504,8.252612113952637,0.0
278,REP,2019-10-05,8.3923921585083,8.066692352294922,8.278775215148926,8.204063415527344,0.0
279,REP,2019-10-06,8.571227073669434,7.996096134185791,8.204116821289062,8.442930221557617,0.0
280,REP,2019-10-07,8.723149299621582,8.291876792907715,8.445295333862305,8.476845741271973,0.0
281,REP,2019-10-08,8.834099769592285,8.422320365905762,8.515945434570312,8.693126678466797,0.0
282,REP,2019-10-09,8.841897964477539,8.45798397064209,8.680194854736328,8.563309669494629,0.0
283,REP,2019-10-10,8.688122749328613,7.92238187789917,8.558724403381348,8.271929740905762,0.0
284,REP,2019-10-11,8.400714874267578,7.9028167724609375,8.283368110656738,8.22443962097168,0.0
285,REP,2019-10-12,8.515708923339844,7.9478631019592285,8.17138957977295,8.339167594909668,0.0
286,REP,2019-10-13,8.37090015411377,7.946792125701904,8.339167594909668,8.288307189941406,0.0
287,REP,2019-10-14,8.493325233459473,7.980116844177246,8.30295181274414,8.289145469665527,0.0
288,REP,2019-10-15,8.367117881774902,7.854588031768799,8.234827041625977,8.159271240234375,0.0
289,REP,2019-10-16,8.264664649963379,7.97255277633667,8.164362907409668,8.133544921875,0.0
290,REP,2019-10-17,8.45832633972168,8.046151161193848,8.133544921875,8.27590274810791,0.0
291,REP,2019-10-18,8.366153717041016,8.032358169555664,8.30443286895752,8.181650161743164,0.0
292,REP,2019-10-19,8.30521011352539,7.969460964202881,8.183019638061523,8.248546600341797,0.0
293,REP,2019-10-20,8.689270973205566,8.04466438293457,8.241496086120605,8.256017684936523,0.0
294,REP,2019-10-21,8.744543075561523,7.893179893493652,8.258941650390625,7.942549228668213,0.0
295,REP,2019-10-22,8.075374603271484,7.267352104187012,7.94565486907959,7.338645935058594,1.0
296,REP,2019-10-23,7.910581111907959,7.307762145996094,7.338645935058594,7.645957946777344,1.0
297,REP,2019-10-24,8.213732719421387,7.39998197555542,7.647604942321777,8.005949974060059,1.0
298,REP,2019-10-25,8.582244873046875,7.921102046966553,8.029170989990234,8.369109153747559,1.0
299,REP,2019-10-26,8.63390064239502,8.005575180053711,8.362154006958008,8.479594230651855,1.0
300,REP,2019-10-28,9.40571117401123,8.41380500793457,8.482361793518066,9.080204963684082,1.0
301,REP,2019-10-29,10.210596084594728,8.840325355529785,9.04538345336914,9.27246379852295,1.0
302,REP,2019-10-30,9.312623023986816,8.838540077209473,9.263157844543455,9.055231094360352,1.0
303,REP,2019-10-31,9.513486862182615,8.959221839904785,9.028077125549316,8.968132019042969,1.0
304,REP,2019-11-01,9.242979049682615,8.837383270263672,8.95584774017334,9.148951530456545,1.0
305,REP,2019-11-02,10.138527870178224,9.09438133239746,9.150041580200195,9.90813446044922,1.0
306,REP,2019-11-03,10.790975570678713,9.603249549865724,9.924752235412598,10.191033363342283,1.0
307,REP,2019-11-04,12.452905654907228,10.205078125,10.207208633422852,12.145502090454102,1.0
308,REP,2019-11-05,12.76494026184082,11.551542282104492,12.147701263427734,12.150357246398926,1.0
309,REP,2019-11-06,12.305492401123049,11.480257034301758,12.141633987426758,11.505615234375,1.0
310,REP,2019-11-07,11.841675758361816,10.87343978881836,11.501104354858398,11.289810180664062,1.0
311,REP,2019-11-08,12.202642440795898,10.540128707885742,11.28397274017334,11.308545112609863,1.0
312,REP,2019-11-09,12.624485969543455,11.08690071105957,11.32485580444336,11.980501174926758,1.0
313,REP,2019-11-10,12.50594997406006,11.96199893951416,12.040206909179688,12.2217435836792,0.0
314,REP,2019-11-11,12.289786338806152,11.733400344848633,12.223959922790527,11.878524780273438,0.0
315,REP,2019-11-12,12.221718788146973,11.505921363830566,11.883027076721191,11.758746147155762,0.0
316,REP,2019-11-13,11.97708797454834,11.343520164489746,11.75659465789795,11.57192325592041,0.0
317,REP,2019-11-14,11.705583572387695,11.03317642211914,11.562567710876465,11.309004783630373,0.0
318,REP,2019-11-15,11.549588203430176,10.700122833251951,11.319507598876951,10.897451400756836,0.0
319,REP,2019-11-16,11.420126914978027,10.722267150878906,10.935543060302734,11.256591796875,0.0
320,REP,2019-11-17,11.72915744781494,10.948267936706545,11.255831718444824,11.563773155212402,0.0
321,REP,2019-11-18,11.968218803405762,10.71925926208496,11.56640338897705,11.103056907653809,0.0
322,REP,2019-11-19,11.2832612991333,10.1072359085083,11.11298942565918,10.514287948608398,0.0
323,REP,2019-11-20,12.746651649475098,10.490152359008787,10.51345920562744,12.146821975708008,0.0
324,REP,2019-11-21,12.562766075134276,11.185898780822754,12.112869262695312,11.479899406433104,0.0
325,REP,2019-11-22,11.482137680053713,10.063572883605955,11.479899406433104,10.808538436889648,0.0
326,REP,2019-11-23,11.526321411132812,10.71625804901123,10.81070041656494,11.321189880371094,0.0
327,REP,2019-11-24,11.41029453277588,10.478410720825195,11.3339262008667,10.478410720825195,0.0
328,REP,2019-11-25,11.102184295654297,9.730269432067873,10.458874702453612,10.464629173278809,0.0
329,REP,2019-11-26,11.115137100219728,10.46388816833496,10.46843719482422,10.912192344665527,0.0
330,REP,2019-11-27,11.44229507446289,10.197038650512695,10.865806579589844,11.41749382019043,0.0
331,REP,2019-11-28,11.739673614501951,11.200136184692385,11.42124080657959,11.336146354675291,0.0
332,REP,2019-11-29,11.568108558654783,11.000044822692873,11.34839153289795,11.146905899047852,0.0
333,REP,2019-11-30,11.188993453979492,10.780381202697754,11.150652885437012,10.894524574279783,0.0
334,REP,2019-12-01,10.951210975646973,10.515170097351074,10.895533561706545,10.706077575683594,0.0
335,REP,2019-12-02,10.856929779052734,10.13353443145752,10.7074613571167,10.330991744995115,0.0
336,REP,2019-12-03,10.740084648132324,10.215742111206056,10.328105926513672,10.552921295166016,0.0
337,REP,2019-12-04,10.560784339904783,9.940013885498049,10.560784339904783,10.07815170288086,0.0
338,REP,2019-12-05,10.753636360168455,9.98896026611328,10.07486057281494,10.685192108154297,0.0
339,REP,2019-12-06,10.712907791137695,10.29698085784912,10.69137191772461,10.429168701171877,0.0
340,REP,2019-12-07,10.697654724121094,10.362167358398438,10.425176620483398,10.452503204345703,0.0
341,REP,2019-12-08,10.699975967407228,10.33715534210205,10.457246780395508,10.50013828277588,0.0
342,REP,2019-12-09,10.526678085327148,10.10954475402832,10.513855934143066,10.230935096740724,0.0
343,REP,2019-12-10,10.481261253356934,9.88303565979004,10.212669372558594,10.291359901428224,0.0
344,REP,2019-12-11,10.430179595947266,10.108426094055176,10.289133071899414,10.204113960266112,0.0
345,REP,2019-12-12,10.25416660308838,9.860876083374023,10.212705612182615,10.13276481628418,0.0
346,REP,2019-12-13,10.294265747070312,10.035158157348633,10.156271934509276,10.175507545471191,0.0
347,REP,2019-12-14,10.18001937866211,9.837688446044922,10.179241180419922,9.931697845458984,0.0
348,REP,2019-12-15,10.24612808227539,9.79640769958496,9.921916007995604,10.070886611938477,0.0
349,REP,2019-12-16,10.331990242004396,9.51906681060791,10.07895278930664,9.635343551635742,0.0
350,REP,2019-12-17,9.639067649841309,8.55484676361084,9.639067649841309,8.656126022338867,0.0
351,REP,2019-12-18,9.915271759033203,8.622099876403809,8.656126022338867,9.886215209960938,0.0
352,REP,2019-12-19,10.041342735290527,9.305551528930664,9.887003898620604,9.610297203063965,0.0
353,REP,2019-12-20,9.8135347366333,9.514089584350586,9.603816032409668,9.757820129394531,0.0
354,REP,2019-12-21,9.79967975616455,9.605098724365234,9.774762153625488,9.797268867492676,0.0
355,REP,2019-12-22,10.011605262756348,9.654777526855469,9.793546676635742,9.924612045288086,0.0
356,REP,2019-12-23,10.1642427444458,9.73110580444336,9.922476768493652,9.829079627990724,0.0
357,REP,2019-12-24,10.133804321289062,9.65488052368164,9.811767578125,9.822418212890623,0.0
358,REP,2019-12-25,9.88977336883545,9.358033180236816,9.82392120361328,9.469890594482422,0.0
359,REP,2019-12-26,9.537616729736328,9.237215995788574,9.454922676086426,9.35136890411377,0.0
360,REP,2019-12-27,9.522059440612791,9.191986083984377,9.373053550720217,9.402188301086426,0.0
361,REP,2019-12-28,9.55178928375244,9.164480209350586,9.401446342468262,9.171697616577148,0.0
362,REP,2019-12-29,9.462494850158691,9.130148887634276,9.176751136779783,9.296663284301758,0.0
363,REP,2019-12-30,10.011382102966309,9.210929870605469,9.30142879486084,9.336009979248049,0.0
364,REP,2019-12-31,9.325723648071287,8.735363006591797,9.31731414794922,8.9413480758667,0.0
365,REP,2020-01-01,9.086785316467283,8.712285041809082,8.93802547454834,8.759675025939941,0.0
366,REP,2020-01-01,9.086785316467283,8.712285041809082,8.93802547454834,8.759675025939941,0.0
367,REP,2020-01-02,9.100096702575684,8.588153839111328,8.772245407104492,8.638506889343262,1.0
368,REP,2020-01-03,9.418784141540527,8.549633026123047,8.630670547485352,8.972719192504883,1.0
369,REP,2020-01-04,9.310097694396973,8.9586820602417,8.9586820602417,9.237610816955566,1.0
370,REP,2020-01-05,9.73512077331543,9.22681713104248,9.246219635009766,9.457958221435549,1.0
371,REP,2020-01-06,10.08931827545166,9.42058277130127,9.459556579589844,9.770776748657228,1.0
372,REP,2020-01-07,10.010674476623535,9.553603172302246,9.793725967407228,9.713964462280272,1.0
373,REP,2020-01-08,10.177095413208008,9.524754524230955,9.690675735473633,9.62985134124756,1.0
374,REP,2020-01-09,9.685680389404297,9.384387016296388,9.616156578063965,9.418081283569336,1.0
375,REP,2020-01-10,9.873740196228027,9.228405952453612,9.411112785339355,9.708971977233888,1.0
376,REP,2020-01-11,9.924302101135254,9.508919715881348,9.71413803100586,9.555927276611328,1.0
377,REP,2020-01-12,10.016668319702148,9.536247253417969,9.536247253417969,9.914138793945312,1.0
378,REP,2020-01-13,10.047245025634766,9.511727333068848,9.942102432250977,9.844510078430176,1.0
379,REP,2020-01-14,10.737080574035645,9.650568962097168,9.838542938232422,10.60975170135498,1.0
380,REP,2020-01-15,17.196548461914062,10.555109024047852,10.599200248718262,17.196548461914062,1.0
381,REP,2020-01-16,19.52921485900879,14.176528930664062,17.212196350097656,15.88954734802246,1.0
382,REP,2020-01-17,16.102399826049805,14.599187850952148,15.830557823181152,14.913708686828612,1.0
383,REP,2020-01-18,15.380996704101562,13.938912391662598,14.9239501953125,14.178234100341797,1.0
384,REP,2020-01-19,15.30706024169922,13.284830093383787,14.126506805419922,13.50712776184082,1.0
385,REP,2020-01-20,14.526396751403809,13.10669231414795,13.470451354980469,14.137166976928713,1.0
386,REP,2020-01-21,14.442618370056152,13.750929832458496,14.08456039428711,14.087272644042969,1.0
387,REP,2020-01-22,14.353184700012209,13.7767915725708,14.093302726745604,13.911332130432127,1.0
388,REP,2020-01-23,13.973917007446287,13.050265312194824,13.912552833557127,13.286826133728027,1.0
389,REP,2020-01-24,15.13775634765625,12.81626319885254,13.297822952270508,14.90316390991211,1.0
390,REP,2020-01-25,15.414254188537598,14.160375595092772,14.928306579589844,14.647075653076172,1.0
391,REP,2020-01-26,14.919882774353027,14.028764724731444,14.636911392211914,14.442416191101074,1.0
392,REP,2020-01-27,15.131911277770996,14.431436538696287,14.441126823425291,14.633922576904297,1.0
393,REP,2020-01-28,14.866658210754396,14.287232398986816,14.629923820495604,14.625859260559082,1.0
394,REP,2020-01-29,14.82321071624756,14.058995246887209,14.60098934173584,14.165699005126951,1.0
395,REP,2020-01-30,14.802194595336914,13.907142639160156,14.156493186950684,14.762107849121094,1.0
396,REP,2020-01-31,14.75164031982422,14.080714225769045,14.75164031982422,14.120224952697754,1.0
397,REP,2020-02-01,14.39426040649414,14.107770919799805,14.109105110168455,14.247925758361816,1.0
398,REP,2020-02-02,14.708185195922852,14.01163101196289,14.255457878112791,14.335497856140137,1.0
399,REP,2020-02-03,15.126165390014648,14.307143211364746,14.326099395751951,15.109312057495115,1.0
400,REP,2020-02-04,16.424230575561523,14.782821655273438,15.110151290893556,15.470162391662598,1.0
401,REP,2020-02-05,15.89050006866455,15.12246799468994,15.48230266571045,15.786850929260254,1.0
402,REP,2020-02-06,16.75370979309082,15.628535270690918,15.791396141052246,15.815958976745604,1.0
403,REP,2020-02-07,16.313709259033203,15.813570022583008,15.817774772644045,16.066295623779297,1.0
404,REP,2020-02-08,16.630647659301758,15.570756912231444,16.06037139892578,16.52643394470215,1.0
405,REP,2020-02-09,16.88456153869629,16.436565399169922,16.524328231811523,16.593360900878906,1.0
406,REP,2020-02-10,16.762889862060547,15.925995826721191,16.599809646606445,16.5334415435791,1.0
407,REP,2020-02-11,16.84487533569336,15.749996185302734,16.526025772094727,16.77459716796875,1.0
408,REP,2020-02-12,18.331085205078125,16.711711883544922,16.766542434692383,17.474618911743164,0.0
409,REP,2020-02-13,17.930124282836914,16.382705688476562,17.471216201782227,16.444028854370117,0.0
410,REP,2020-02-14,17.08631706237793,16.29935646057129,16.448833465576172,16.804351806640625,0.0
411,REP,2020-02-15,17.381311416625977,14.956222534179688,16.804351806640625,15.33166790008545,0.0
412,REP,2020-02-16,15.941737174987791,13.615674018859863,15.278311729431152,15.083208084106444,0.0
413,REP,2020-02-17,15.193964958190918,13.345169067382812,15.024723052978516,14.76391887664795,0.0
414,REP,2020-02-18,15.746689796447754,14.275514602661133,15.049264907836914,15.35639762878418,0.0
415,REP,2020-02-19,16.26237678527832,13.873132705688477,15.42818832397461,13.978109359741213,0.0
416,REP,2020-02-20,14.315759658813477,13.192978858947754,13.970760345458984,14.111889839172363,0.0
417,REP,2020-02-21,14.318106651306152,13.670391082763672,14.135112762451172,14.222505569458008,0.0
418,REP,2020-02-22,14.533881187438965,13.555584907531738,14.22451114654541,13.6193208694458,0.0
419,REP,2020-02-23,14.867650032043455,13.361614227294922,13.722467422485352,13.778434753417969,0.0
420,REP,2020-02-24,14.089133262634276,12.620809555053713,13.761247634887695,13.257311820983888,0.0
421,REP,2020-02-25,13.276811599731444,12.366745948791504,13.230337142944336,12.710137367248535,0.0
422,REP,2020-02-26,12.740408897399902,10.828330039978027,12.68847370147705,11.225760459899902,0.0
423,REP,2020-02-27,12.148282051086426,10.710561752319336,11.170276641845703,11.520610809326172,0.0
424,REP,2020-02-28,11.81117820739746,10.85786247253418,11.576584815979004,11.292244911193848,0.0
425,REP,2020-02-29,11.578869819641112,11.16901397705078,11.289572715759276,11.178071022033691,0.0
426,REP,2020-03-01,13.564826011657717,11.120078086853027,11.178071022033691,12.405985832214355,0.0
427,REP,2020-03-02,13.235662460327148,12.342761993408203,12.43692111968994,12.537385940551758,0.0
428,REP,2020-03-03,12.88424015045166,12.06337833404541,12.53860569000244,12.269509315490724,0.0
429,REP,2020-03-04,12.65534210205078,12.040217399597168,12.268335342407228,12.65072536468506,0.0
430,REP,2020-03-05,12.870747566223145,12.38510799407959,12.649242401123049,12.606823921203612,0.0
431,REP,2020-03-06,12.81851863861084,12.44728183746338,12.605809211730955,12.71463394165039,0.0
432,REP,2020-03-07,13.367332458496094,12.59528636932373,12.716553688049316,12.612725257873535,0.0
433,REP,2020-03-08,12.61316204071045,11.043536186218262,12.61316204071045,11.081233024597168,0.0
434,REP,2020-03-09,12.117572784423828,10.646344184875488,11.064801216125488,11.848387718200684,0.0
435,REP,2020-03-10,13.013904571533203,11.392062187194824,11.877209663391112,11.641865730285645,0.0
436,REP,2020-03-11,11.861261367797852,10.845802307128906,11.641926765441896,11.397406578063965,0.0
437,REP,2020-03-12,11.412342071533203,6.643200874328613,11.39416790008545,6.653334140777588,1.0
438,REP,2020-03-13,8.166838645935059,5.65595293045044,6.575564861297607,7.900382995605469,1.0
439,REP,2020-03-14,8.310056686401367,7.355877876281738,7.913000106811523,7.472955226898193,1.0
440,REP,2020-03-15,8.141632080078125,7.231400012969971,7.472955226898193,7.600237846374512,1.0
441,REP,2020-03-16,7.634568214416504,6.287808895111084,7.59933614730835,6.699848175048828,1.0
442,REP,2020-03-17,7.364188194274902,6.699822902679443,6.704520225524902,7.073927879333496,1.0
443,REP,2020-03-18,8.369775772094727,6.88753604888916,7.067076206207275,7.8201141357421875,1.0
444,REP,2020-03-19,9.142971992492676,7.831967830657959,7.834329128265381,8.786528587341309,1.0
445,REP,2020-03-20,9.376391410827637,7.838894844055176,8.793059349060059,8.165513038635254,1.0
446,REP,2020-03-21,8.864901542663574,7.903530120849609,8.190381050109863,8.61235237121582,1.0
447,REP,2020-03-22,8.934416770935059,7.798932075500488,8.6156587600708,7.799531936645508,1.0
448,REP,2020-03-23,8.558853149414062,7.669479846954346,7.806920051574707,8.40519905090332,1.0
449,REP,2020-03-24,8.713883399963379,8.27915096282959,8.41464900970459,8.618490219116211,1.0
450,REP,2020-03-25,9.37627410888672,8.299948692321777,8.618490219116211,9.214594841003418,1.0
451,REP,2020-03-26,11.081738471984863,9.038926124572754,9.203251838684082,10.22344970703125,1.0
452,REP,2020-03-27,11.180079460144045,9.726908683776855,10.222262382507324,10.231234550476074,1.0
453,REP,2020-03-28,10.585334777832031,9.48348617553711,10.22993278503418,10.072076797485352,1.0
454,REP,2020-03-29,10.07196807861328,9.41688632965088,10.053043365478516,9.535816192626951,1.0
455,REP,2020-03-29,10.13414192199707,9.50309944152832,9.515036582946776,10.077102661132812,1.0
456,REP,2020-03-30,10.70559787750244,10.007856369018556,10.056964874267578,10.186463356018066,1.0
457,REP,2020-03-31,10.192418098449709,9.826809883117676,10.186463356018066,10.162555694580078,1.0
458,REP,2020-04-01,10.312844276428224,9.990119934082031,10.160812377929688,10.117673873901367,1.0
459,REP,2020-04-02,10.28361701965332,9.803681373596191,10.11638355255127,9.91559886932373,1.0
460,REP,2020-04-03,10.000706672668455,9.695241928100586,9.925555229187012,9.933910369873049,0.0
461,REP,2020-04-04,9.946109771728516,9.712635040283203,9.938496589660645,9.755913734436035,0.0
462,REP,2020-04-05,10.210509300231934,9.731392860412598,9.750503540039062,10.138654708862305,1.0
463,REP,2020-04-06,10.405016899108888,10.020255088806152,10.140642166137695,10.184959411621094,1.0
464,REP,2020-04-07,10.46551513671875,10.111639022827148,10.183066368103027,10.3651762008667,1.0
465,REP,2020-04-08,10.586634635925291,10.152318954467772,10.362584114074709,10.585820198059082,0.0
466,REP,2020-04-09,10.62217140197754,9.24445915222168,10.590354919433594,9.758868217468262,0.0
467,REP,2020-04-10,10.11385726928711,9.689435005187988,9.758868217468262,9.86674690246582,0.0
468,REP,2020-04-11,10.166336059570312,9.788369178771973,9.869301795959473,9.858165740966797,0.0
469,REP,2020-04-12,9.937965393066406,9.38452434539795,9.84958553314209,9.931225776672363,0.0
470,REP,2020-04-13,10.358613967895508,9.723301887512209,9.948393821716309,9.883563995361328,0.0
471,REP,2020-04-14,10.060577392578123,9.586263656616213,9.889554977416992,9.605295181274414,0.0
472,REP,2020-04-15,10.114081382751465,9.469950675964355,9.60469913482666,10.071964263916016,0.0
473,REP,2020-04-17,10.289300918579102,10.005328178405762,10.014203071594238,10.2412109375,0.0
474,REP,2020-04-18,10.301018714904783,10.04782485961914,10.211695671081545,10.074057579040527,0.0
475,REP,2020-04-19,10.240965843200684,9.570500373840332,10.08301067352295,9.605952262878418,1.0
476,REP,2020-04-20,9.74139404296875,9.55793571472168,9.61333179473877,9.71996784210205,1.0
477,REP,2020-04-21,10.102001190185549,9.669755935668944,9.718778610229492,9.941967010498049,1.0
478,REP,2020-04-22,10.187843322753906,9.86363410949707,9.939126014709473,10.01938819885254,1.0
479,REP,2020-04-23,10.287911415100098,9.828362464904783,9.985204696655272,10.23550033569336,1.0
480,REP,2020-04-24,10.345322608947754,9.975927352905272,10.245119094848633,10.21707534790039,1.0
481,REP,2020-04-25,10.685227394104004,10.195165634155272,10.22067642211914,10.428177833557127,1.0
482,REP,2020-04-26,10.536359786987305,10.27603530883789,10.43458080291748,10.518678665161133,1.0
483,REP,2020-04-27,10.68519115447998,10.352875709533691,10.525214195251465,10.634300231933594,1.0
484,REP,2020-04-28,11.296396255493164,10.55151653289795,10.63399887084961,11.061930656433104,1.0
485,REP,2020-04-29,11.566864967346191,10.523590087890623,11.076725006103516,10.619720458984377,1.0
486,REP,2020-04-30,11.31580638885498,10.619720458984377,10.619720458984377,11.042348861694336,1.0
487,REP,2020-05-01,11.334198951721191,10.96420669555664,11.033799171447754,11.314339637756348,1.0
488,REP,2020-05-02,11.339255332946776,10.811490058898926,11.319372177124023,10.892973899841309,1.0
489,REP,2020-05-03,11.41366958618164,10.347405433654783,10.897967338562012,10.88900375366211,1.0
490,REP,2020-05-04,11.759770393371582,10.865161895751951,10.90293312072754,11.1109619140625,1.0
491,REP,2020-05-05,11.272002220153809,11.037142753601074,11.105748176574709,11.037142753601074,1.0
492,REP,2020-05-06,11.29391860961914,10.731566429138184,11.011592864990234,11.209153175354004,1.0
493,REP,2020-05-07,14.403019905090332,10.90241527557373,11.208657264709473,13.879233360290527,1.0
494,REP,2020-05-08,14.135801315307615,12.946449279785156,13.87307071685791,12.946449279785156,1.0
495,REP,2020-05-09,12.953078269958496,11.248005867004396,12.937737464904783,11.89035987854004,1.0
496,REP,2020-05-10,14.881452560424805,11.872137069702148,11.897186279296877,13.587335586547852,1.0
497,REP,2020-05-11,14.119118690490724,12.731305122375488,13.557265281677246,12.894574165344238,1.0
498,REP,2020-05-12,13.446062088012695,12.750502586364746,12.901544570922852,13.1076021194458,1.0
499,REP,2020-05-13,13.12331771850586,12.702155113220217,13.067660331726074,12.899495124816896,1.0
500,REP,2020-05-14,13.37517547607422,12.536317825317385,12.911382675170898,12.719932556152344,1.0
501,REP,2020-05-15,12.960744857788086,12.607962608337402,12.715546607971191,12.782806396484377,1.0
502,REP,2020-05-16,12.920865058898926,12.68394947052002,12.782806396484377,12.819851875305176,1.0
503,REP,2020-05-17,12.989277839660645,12.687859535217283,12.807217597961426,12.972078323364258,1.0
504,REP,2020-05-18,12.977787017822266,12.73924732208252,12.976014137268066,12.845924377441406,1.0
505,REP,2020-05-19,13.289002418518066,12.788098335266112,12.840182304382324,12.951211929321287,1.0
506,REP,2020-05-20,12.98102855682373,11.940394401550291,12.952850341796877,12.330989837646484,1.0
507,REP,2020-05-21,12.760937690734863,12.057645797729492,12.331887245178224,12.520943641662598,1.0
508,REP,2020-05-22,12.924640655517578,12.400781631469728,12.51346206665039,12.654324531555176,1.0
509,REP,2020-05-23,12.908947944641112,12.063164710998535,12.665752410888672,12.063164710998535,1.0
510,REP,2020-05-24,12.634373664855955,12.034320831298828,12.0431547164917,12.485739707946776,1.0
511,REP,2020-05-25,12.637738227844238,12.251752853393556,12.472274780273438,12.571327209472656,1.0
512,REP,2020-05-26,12.879684448242188,12.128918647766112,12.571327209472656,12.597829818725586,1.0
513,REP,2020-05-27,12.94775676727295,12.38462257385254,12.811956405639648,12.74034023284912,1.0
514,REP,2020-05-28,12.956015586853027,12.475666999816896,12.747336387634276,12.912869453430176,1.0
515,REP,2020-05-29,13.553817749023438,12.352686882019045,12.898737907409668,13.346471786499023,1.0
516,REP,2020-05-30,13.383259773254396,12.52252960205078,13.350811958312988,12.566275596618652,1.0
517,REP,2020-05-31,13.69386100769043,12.53518295288086,12.56357192993164,13.674725532531738,1.0
518,REP,2020-06-01,13.880005836486816,12.98731803894043,13.66714572906494,13.404126167297363,1.0
519,REP,2020-06-02,14.515106201171877,13.229001998901367,13.400328636169434,14.370512962341309,1.0
520,REP,2020-06-03,15.41750144958496,14.011813163757324,14.363490104675291,14.281952857971191,1.0
521,REP,2020-06-04,14.869187355041504,14.069987297058104,14.284461975097656,14.08094310760498,1.0
522,REP,2020-06-05,14.399319648742676,13.903190612792969,14.08094310760498,14.279088973999023,1.0
523,REP,2020-06-06,14.66597843170166,14.160197257995604,14.27966022491455,14.469725608825684,1.0
524,REP,2020-06-07,15.247597694396973,14.46137237548828,14.514683723449709,14.818881034851074,1.0
525,REP,2020-06-08,14.940269470214844,14.428346633911133,14.816536903381348,14.88241481781006,1.0
526,REP,2020-06-09,16.07233238220215,14.478334426879885,14.883980751037598,15.71378231048584,1.0
527,REP,2020-06-10,16.543386459350586,13.92642879486084,15.71292209625244,14.00058364868164,1.0
528,REP,2020-06-11,15.337498664855955,13.713622093200684,13.998536109924316,14.797438621520996,1.0
529,REP,2020-06-12,17.13133430480957,14.371949195861816,14.922603607177734,17.017303466796875,1.0
530,REP,2020-06-13,17.158924102783203,15.516069412231444,16.99078941345215,15.58089828491211,1.0
531,REP,2020-06-14,15.924928665161133,14.609981536865234,15.58089828491211,15.345498085021973,1.0
532,REP,2020-06-15,15.98781681060791,15.253058433532717,15.329827308654783,15.687686920166016,1.0
533,REP,2020-06-16,16.359888076782227,15.351134300231934,15.682835578918455,16.036157608032227,1.0
534,REP,2020-06-17,16.463214874267578,15.511649131774902,16.033832550048828,16.233619689941406,1.0
535,REP,2020-06-18,18.65029525756836,15.976277351379396,16.304319381713867,18.64214134216309,1.0
536,REP,2020-06-19,19.366357803344727,17.315414428710938,18.64214134216309,17.548585891723633,1.0
537,REP,2020-06-20,18.22094345092773,17.25908088684082,17.581029891967773,17.808422088623047,1.0
538,REP,2020-06-21,18.227371215820312,17.489736557006836,17.832616806030273,18.117063522338867,1.0
539,REP,2020-06-22,18.836408615112305,17.434009552001953,18.12650489807129,17.625036239624023,1.0
540,REP,2020-06-23,17.86797332763672,16.311485290527344,17.643543243408203,16.83647918701172,1.0
541,REP,2020-06-24,16.864778518676758,16.07128143310547,16.864778518676758,16.15862464904785,1.0
542,REP,2020-06-25,17.662765502929688,15.720025062561035,16.146230697631836,17.369123458862305,1.0
543,REP,2020-06-26,17.931047439575195,15.553683280944824,17.47381591796875,15.828877449035645,1.0
544,REP,2020-06-27,16.63170051574707,15.630908966064451,15.828877449035645,15.86204719543457,1.0
545,REP,2020-06-28,16.959749221801758,15.865245819091797,15.885334014892578,16.76087760925293,1.0
546,REP,2020-06-29,17.648954391479492,16.27101707458496,16.748876571655273,16.439138412475586,1.0
547,REP,2020-06-30,17.274898529052734,16.217374801635742,16.439546585083008,16.833669662475586,1.0
548,REP,2020-07-01,17.451772689819336,16.6875057220459,16.83938217163086,16.890113830566406,1.0
549,REP,2020-07-02,18.40774726867676,16.812885284423828,16.893484115600586,18.13213539123535,1.0
550,REP,2020-07-03,19.380107879638672,18.061748504638672,18.149980545043945,18.698139190673828,1.0
551,REP,2020-07-04,18.83510971069336,17.5334415435791,18.657936096191406,18.044029235839844,1.0
552,REP,2020-07-05,19.58265686035156,18.00543212890625,18.044029235839844,19.005651473999023,1.0
553,REP,2020-07-06,19.8361873626709,18.800466537475582,18.97260284423828,19.830385208129883,1.0
554,REP,2020-07-07,21.04960250854492,19.39884757995605,19.796485900878903,20.271089553833008,1.0
555,REP,2020-07-08,20.278505325317383,19.1254997253418,20.259937286376957,19.351072311401367,1.0
556,REP,2020-07-09,19.87273979187012,18.742521286010746,19.34034538269043,19.20577049255371,1.0
557,REP,2020-07-10,19.4813232421875,18.86342430114746,19.25088119506836,19.39042854309082,1.0
558,REP,2020-07-11,19.992036819458008,19.269487380981445,19.393129348754883,19.42213630676269,1.0
559,REP,2020-07-12,19.75183868408203,18.43184280395508,19.42213630676269,18.78273582458496,1.0
560,REP,2020-07-13,20.340421676635746,18.32383918762207,18.74294090270996,19.99043083190918,1.0
561,REP,2020-07-14,20.476055145263672,19.21141624450684,20.131622314453125,19.424755096435547,1.0
562,REP,2020-07-15,20.09105491638184,18.88697624206543,19.42858123779297,19.177827835083008,1.0
563,REP,2020-07-16,19.34821128845215,18.903715133666992,19.156089782714844,19.016992568969727,1.0
564,REP,2020-07-17,19.619245529174805,18.570261001586918,19.003084182739254,19.42027282714844,1.0
565,REP,2020-07-18,19.52318382263184,18.80925178527832,19.355243682861328,19.12615203857422,1.0
566,REP,2020-07-19,19.75040435791016,18.870195388793945,19.13280487060547,19.389205932617188,1.0
567,REP,2020-07-20,23.45535659790039,19.34779930114746,19.406757354736328,23.38796806335449,1.0
568,REP,2020-07-21,25.3043155670166,23.31092643737793,23.42393112182617,23.86585998535156,1.0
569,REP,2020-07-22,24.076400756835938,22.326993942260746,23.87259101867676,22.652645111083984,1.0
570,REP,2020-07-23,24.30379867553711,22.4648494720459,22.696043014526367,23.129045486450195,1.0
571,REP,2020-07-24,24.35222816467285,22.95497131347656,23.12535858154297,23.062055587768555,1.0
572,REP,2020-07-25,23.10429954528809,21.800376892089844,23.10429954528809,22.267826080322266,1.0
573,REP,2020-07-26,23.36008071899414,19.45694923400879,22.27483367919922,20.38338661193848,1.0
574,REP,2020-07-27,21.890283584594727,19.646371841430664,20.373699188232425,21.4274959564209,1.0
575,REP,2020-07-28,21.572757720947266,19.98161506652832,21.47893714904785,20.19891357421875,1.0
576,REP,2020-07-29,21.03604888916016,19.97447204589844,20.248065948486328,20.392242431640625,1.0
577,REP,2020-07-30,20.64176368713379,19.84992218017578,20.442365646362305,19.970659255981445,1.0
578,REP,2020-07-31,20.73326873779297,19.830400466918945,19.970659255981445,20.688573837280277,1.0
579,REP,2020-08-01,21.01624298095703,18.68421745300293,20.69478416442871,18.96013832092285,1.0
580,REP,2020-08-02,20.949655532836918,18.715124130249023,19.00355529785156,20.412925720214844,1.0
581,REP,2020-08-03,21.746746063232425,20.411884307861328,20.411884307861328,20.72206687927246,1.0
582,REP,2020-08-04,21.30545425415039,20.499568939208984,20.721376419067383,21.098323822021484,1.0
583,REP,2020-08-05,21.65223503112793,20.6294002532959,21.1135311126709,21.605491638183597,1.0
584,REP,2020-08-06,21.673076629638672,19.956748962402344,21.608776092529297,20.81265640258789,1.0
585,REP,2020-08-07,21.23467063903809,20.75589942932129,20.818601608276367,21.21660614013672,1.0
586,REP,2020-08-08,21.43779563903809,20.81367301940918,21.233522415161133,20.994518280029297,1.0
587,REP,2020-08-09,22.197460174560547,20.82261848449707,20.99799156188965,21.24549865722656,1.0
588,REP,2020-08-10,21.318004608154297,19.950958251953125,21.25165367126465,20.448585510253903,1.0
589,REP,2020-08-11,20.71532821655273,19.78058815002441,20.503143310546875,20.592180252075195,1.0
590,REP,2020-08-12,21.589466094970703,20.07259178161621,20.60602378845215,21.100805282592773,1.0
591,REP,2020-08-13,21.778669357299805,20.989776611328125,21.07185173034668,21.7382869720459,1.0
592,REP,2020-08-14,22.732986450195312,21.35287094116211,21.725011825561523,22.364904403686523,1.0
593,REP,2020-08-15,22.453073501586918,21.749170303344727,22.36480712890625,22.384416580200195,1.0
594,REP,2020-08-16,22.564626693725582,21.651613235473636,22.384416580200195,21.881610870361328,1.0
595,REP,2020-08-17,21.938764572143555,20.42249870300293,21.87923812866211,21.009790420532227,1.0
596,REP,2020-08-18,21.09648323059082,19.544897079467773,21.009790420532227,19.944826126098636,1.0
597,REP,2020-08-19,20.981201171875,19.51617813110352,19.834701538085938,20.568214416503903,1.0
598,REP,2020-08-20,29.68701171875,20.60645294189453,20.60645294189453,28.729496002197266,0.0
599,REP,2020-08-21,30.648578643798828,24.22516822814941,28.729496002197266,26.0149040222168,0.0
600,REP,2020-08-22,26.088279724121094,23.986248016357425,25.92902565002441,24.29382705688477,0.0
601,REP,2020-08-23,24.701833724975582,23.17469787597656,24.287086486816406,23.92059326171875,0.0
602,REP,2020-08-24,24.12983512878418,20.8669490814209,23.90513801574707,21.8219051361084,0.0
603,REP,2020-08-25,24.2053279876709,21.130603790283203,21.85997772216797,22.98542022705078,0.0
604,REP,2020-08-26,23.47242546081543,21.366384506225582,22.94634246826172,21.519670486450195,0.0
605,REP,2020-08-27,22.57369613647461,21.2692985534668,21.576385498046875,22.33294677734375,0.0
606,REP,2020-08-28,22.88882827758789,21.925079345703125,22.408039093017575,22.66219711303711,0.0
607,REP,2020-08-29,22.68144989013672,21.810415267944336,22.640644073486328,22.364091873168945,0.0
608,REP,2020-08-30,22.458345413208008,21.798250198364254,22.364168167114254,21.86844253540039,0.0
609,REP,2020-08-31,22.37626075744629,20.636972427368164,21.85810661315918,21.75675392150879,0.0
610,REP,2020-09-01,22.09386444091797,19.55453109741211,21.714826583862305,20.55500602722168,0.0
611,REP,2020-09-02,21.087234497070312,16.174776077270508,20.55500602722168,16.20345687866211,0.0
612,REP,2020-09-03,17.65662956237793,15.917283058166504,16.201074600219727,17.053869247436523,0.0
613,REP,2020-09-04,17.633220672607422,15.352319717407228,17.054983139038086,15.867652893066406,0.0
614,REP,2020-09-05,16.51906967163086,15.392881393432615,15.867652893066406,16.2578067779541,0.0
615,REP,2020-09-06,16.484954833984375,15.235543251037598,16.262723922729492,16.178997039794922,0.0
616,REP,2020-09-07,16.361780166625977,15.392043113708496,16.18053436279297,15.703139305114746,0.0
617,REP,2020-09-08,16.5379695892334,15.498809814453123,15.67373275756836,16.419851303100586,0.0
618,REP,2020-09-09,16.92193031311035,16.230379104614258,16.418508529663086,16.82880210876465,0.0
619,REP,2020-09-10,18.34708976745605,16.145875930786133,16.82880210876465,18.025394439697266,0.0
620,REP,2020-09-11,18.473886489868164,17.756330490112305,18.02994537353516,17.78058433532715,0.0
621,REP,2020-09-12,18.2149658203125,16.590578079223633,17.78058433532715,16.8045654296875,0.0
622,REP,2020-09-13,17.440353393554688,16.283002853393555,16.80494499206543,16.402664184570312,0.0
623,REP,2020-09-14,16.58330535888672,15.675312995910645,16.406450271606445,15.720608711242676,0.0
624,REP,2020-09-15,15.888822555541992,15.162355422973633,15.763240814208984,15.780340194702148,0.0
625,REP,2020-09-16,16.016605377197266,15.231122970581056,15.772931098937988,15.394522666931152,0.0
626,REP,2020-09-17,15.600261688232422,14.892622947692873,15.394522666931152,15.016400337219238,0.0
627,REP,2020-09-18,15.13889217376709,14.958913803100586,15.00680446624756,15.106882095336914,0.0
628,REP,2020-09-19,15.20471477508545,14.485946655273438,15.099428176879885,14.83576774597168,0.0
629,REP,2020-09-20,14.835858345031738,13.374056816101074,14.835858345031738,13.7537841796875,0.0
630,REP,2020-09-21,13.791823387145996,13.194276809692385,13.729683876037598,13.661450386047363,0.0
631,REP,2020-09-22,14.499675750732422,12.701091766357422,13.661450386047363,12.72264575958252,0.0
632,REP,2020-09-23,14.638656616210938,12.585274696350098,12.720133781433104,14.21926975250244,0.0
633,REP,2020-09-24,14.26959991455078,13.53561019897461,14.23033332824707,14.043522834777832,0.0
634,REP,2020-09-25,14.811903953552246,13.912582397460938,14.004034996032717,14.611398696899414,0.0
635,REP,2020-09-26,14.693812370300291,14.04213523864746,14.60545825958252,14.225249290466309,0.0
636,REP,2020-09-27,14.663567543029783,14.111868858337402,14.225249290466309,14.412128448486328,0.0
637,REP,2020-09-28,14.454623222351074,13.764257431030272,14.429192543029783,14.183649063110352,0.0
638,REP,2020-09-29,14.429309844970703,13.99951457977295,14.180009841918944,14.231213569641112,0.0
639,REP,2020-09-30,14.64979076385498,13.878788948059082,14.222006797790527,14.019401550292969,0.0
640,REP,2020-10-01,14.13239574432373,13.257095336914062,14.038986206054688,13.581864356994627,0.0
641,REP,2020-10-02,14.205004692077637,13.581864356994627,13.581864356994627,13.979008674621582,0.0
642,REP,2020-10-03,14.00522518157959,13.712803840637209,13.979008674621582,13.91904640197754,0.0
643,REP,2020-10-04,14.435260772705078,13.865195274353027,13.91904640197754,14.063528060913086,0.0
644,REP,2020-10-05,14.129809379577637,13.3051118850708,14.084059715270996,13.340060234069824,0.0
645,REP,2020-10-06,13.615226745605469,13.080451011657717,13.340060234069824,13.385594367980955,0.0
646,REP,2020-10-07,13.855621337890623,13.183148384094238,13.407437324523926,13.758794784545898,0.0
647,REP,2020-10-09,14.608390808105469,13.670976638793944,13.717023849487305,13.699033737182615,0.0
648,REP,2020-10-10,13.998318672180176,13.52287769317627,13.63632583618164,13.864338874816896,0.0
649,REP,2020-10-13,13.742013931274414,13.259170532226562,13.354350090026855,13.496858596801758,0.0
650,REP,2020-10-14,13.510065078735352,13.033157348632812,13.489392280578612,13.044445037841797,0.0
651,REP,2020-10-15,13.215620040893556,12.85159683227539,13.066485404968262,13.058545112609863,0.0
652,REP,2020-10-16,13.236822128295898,12.99382495880127,13.03195571899414,13.206954002380373,0.0
653,REP,2020-10-17,13.235689163208008,13.013124465942385,13.200871467590332,13.171978950500488,0.0
654,REP,2020-10-18,13.259690284729004,13.020062446594238,13.18605899810791,13.206204414367676,0.0
655,REP,2020-10-19,13.188632011413574,12.666406631469728,13.148642539978027,12.783571243286133,0.0
656,REP,2020-10-20,13.103577613830566,12.70236873626709,12.781231880187988,12.87716007232666,0.0
657,REP,2020-10-21,13.216205596923828,12.80356788635254,12.80356788635254,13.088810920715332,0.0
658,REP,2020-10-22,13.742549896240234,12.752163887023926,13.088297843933104,13.095063209533691,0.0
659,REP,2020-10-23,13.41744899749756,12.770344734191896,13.095067024230955,13.111048698425291,0.0
660,REP,2020-10-24,13.31038761138916,12.707801818847656,13.11104965209961,12.714729309082031,0.0
661,REP,2020-10-26,13.18429470062256,12.533482551574709,12.71473217010498,12.67352294921875,0.0
662,REP,2020-10-27,12.98832893371582,12.458086013793944,12.673506736755373,12.826971054077148,0.0
663,REP,2020-10-28,12.887460708618164,12.199067115783691,12.82699489593506,12.431995391845703,0.0
664,REP,2020-10-29,13.037219047546388,12.250353813171388,12.43200969696045,12.6632719039917,0.0
665,REP,2020-10-30,12.727296829223633,11.979276657104492,12.66329574584961,12.394079208374023,0.0
666,REP,2020-10-31,12.752354621887209,12.12920093536377,12.394076347351074,12.282943725585938,1.0
667,REP,2020-11-01,12.703010559082031,12.275629997253418,12.282943725585938,12.5277681350708,1.0
668,REP,2020-11-02,13.256555557250977,12.153005599975586,12.52777862548828,12.311456680297852,1.0
669,REP,2020-11-03,13.61689281463623,12.080153465270996,12.311429023742676,13.582362174987791,1.0
670,REP,2020-11-04,13.582404136657717,12.181224822998049,13.582404136657717,13.084385871887209,1.0
671,REP,2020-11-05,13.656623840332031,12.17937469482422,13.084389686584473,13.645784378051758,1.0
672,REP,2020-11-06,13.918787002563477,12.776272773742676,13.645195960998535,13.306114196777344,1.0
673,REP,2020-11-07,14.40375518798828,12.779393196105955,13.306074142456056,13.05006980895996,1.0
674,REP,2020-11-08,13.324355125427246,12.86606216430664,13.050066947937012,13.27265739440918,1.0
675,REP,2020-11-09,13.499273300170898,12.822650909423828,13.272650718688965,12.901602745056152,1.0
676,REP,2020-11-10,13.871479988098145,12.87778091430664,12.901578903198242,13.588932991027832,1.0
677,REP,2020-11-11,14.312885284423828,13.33677864074707,13.588937759399414,13.744670867919922,1.0
678,REP,2020-11-12,14.246332168579102,13.129146575927734,13.744664192199709,13.524097442626951,1.0
679,REP,2020-11-13,14.393917083740234,13.204798698425291,13.52424430847168,13.864028930664062,0.0
680,REP,2020-11-14,14.149765968322754,11.23288345336914,13.864028930664062,13.86130714416504,0.0
681,REP,2020-11-15,14.13818359375,10.65034008026123,13.86130714416504,11.464651107788086,1.0
682,REP,2020-11-16,14.584896087646484,11.444758415222168,11.464665412902832,14.349893569946287,1.0
683,REP,2020-11-17,14.82190990447998,13.642914772033691,13.642914772033691,14.31934928894043,1.0
684,REP,2020-11-18,15.218965530395508,13.85704231262207,14.317547798156738,14.756430625915527,1.0
685,REP,2020-11-19,14.82140827178955,13.608388900756836,14.758272171020508,13.865910530090332,1.0
686,REP,2020-11-20,14.89329433441162,13.552160263061523,13.86591339111328,14.319212913513184,1.0
687,REP,2020-11-21,15.808319091796877,13.961915969848633,14.319214820861816,15.291629791259766,1.0
688,REP,2020-11-22,16.382396697998047,14.23861026763916,15.291631698608398,15.41457462310791,1.0
689,REP,2020-11-23,16.16887664794922,14.84858512878418,15.41458511352539,16.160982131958008,1.0
690,REP,2020-11-24,17.726112365722656,15.593600273132324,16.142030715942383,17.347688674926758,1.0
691,REP,2020-11-25,17.842317581176758,16.084897994995117,17.319150924682617,16.46114730834961,1.0
692,REP,2020-11-26,16.728069305419922,13.799175262451172,16.455053329467773,14.771671295166016,1.0
693,REP,2020-11-27,15.096746444702148,14.213781356811523,14.765427589416504,14.567673683166504,1.0
694,REP,2020-11-28,15.811025619506836,14.361108779907228,14.567790031433104,15.42398738861084,1.0
695,REP,2020-11-29,15.674757957458496,14.754645347595217,15.426295280456545,15.177712440490724,1.0
696,REP,2020-11-30,16.007015228271484,14.432205200195312,15.177637100219728,15.718016624450684,1.0
697,REP,2020-12-01,15.991228103637695,14.559910774230955,15.718413352966309,15.215943336486816,1.0
698,REP,2020-12-02,15.641549110412598,13.201615333557127,15.19917106628418,13.875272750854492,1.0
699,REP,2020-12-03,17.079814910888672,13.845479011535645,13.875596046447754,14.973194122314451,1.0
700,REP,2020-12-04,15.234639167785645,13.391361236572266,14.902665138244627,13.564603805541992,1.0
701,REP,2020-12-05,16.984914779663086,13.139693260192873,13.57033634185791,16.67436981201172,1.0
702,REP,2020-12-06,18.916593551635746,16.3450984954834,16.67976188659668,16.89624786376953,1.0
703,REP,2020-12-07,18.113828659057617,16.115028381347656,16.895339965820312,16.131973266601562,1.0
704,REP,2020-12-08,17.615726470947266,15.113149642944336,16.13198471069336,15.195793151855469,1.0
705,REP,2020-12-09,16.3054141998291,14.02626132965088,15.20028018951416,15.46835708618164,1.0
706,REP,2020-12-10,16.288766860961914,14.590210914611816,15.472007751464844,15.91879177093506,1.0
707,REP,2020-12-11,15.926918029785156,14.10318660736084,15.926918029785156,14.923067092895508,1.0
708,REP,2020-12-12,16.256813049316406,14.386832237243652,14.908263206481934,15.942827224731444,1.0
709,REP,2020-12-13,16.216508865356445,14.981425285339355,15.947407722473145,15.780500411987305,1.0
710,REP,2020-12-14,16.273948669433594,15.42508029937744,15.784497261047363,15.913779258728027,1.0
711,REP,2020-12-15,16.417903900146484,15.76979637145996,15.913496971130373,15.990032196044922,1.0
712,REP,2020-12-16,16.381492614746094,15.64327335357666,15.993414878845217,15.916619300842283,1.0
713,REP,2020-12-17,16.491132736206055,15.47880744934082,15.92933464050293,16.117033004760742,1.0
714,REP,2020-12-18,32.193607330322266,15.558732986450195,16.117963790893555,19.57565689086914,1.0
715,REP,2020-12-19,22.669940948486328,18.28787040710449,19.569801330566406,19.61259078979492,0.0
716,REP,2020-12-20,19.782058715820312,17.290313720703125,19.591272354125977,17.617572784423828,0.0
717,REP,2020-12-21,19.62356758117676,16.958093643188477,17.61910057067871,17.76901626586914,0.0
718,REP,2020-12-22,17.880592346191406,16.780664443969727,17.762409210205078,17.085851669311523,0.0
719,REP,2020-12-23,17.302644729614258,14.170007705688477,17.1057186126709,14.458189964294434,0.0
720,REP,2020-12-24,15.618644714355469,14.025221824645996,14.454981803894045,15.57896327972412,0.0
721,REP,2020-12-25,16.801088333129883,15.568072319030762,15.574647903442385,16.284578323364258,0.0
722,REP,2020-12-26,16.291748046875,15.287778854370115,16.291748046875,15.546581268310549,0.0
723,REP,2020-12-27,15.984580039978027,15.15265941619873,15.535757064819336,15.508256912231444,0.0
724,REP,2020-12-28,16.712017059326172,15.406356811523438,15.504961013793944,15.927897453308104,0.0
725,REP,2020-12-29,17.852407455444336,15.908042907714844,15.908042907714844,17.319194793701172,0.0
726,REP,2020-12-30,17.7265682220459,16.261180877685547,17.337324142456055,16.437156677246094,0.0
727,REP,2020-12-31,16.46474266052246,15.762359619140623,16.438493728637695,16.175403594970703,1.0
728,REP,2021-01-01,16.663137435913086,16.079988479614258,16.194007873535156,16.35796546936035,1.0
729,REP,2021-01-01,16.663137435913086,16.079988479614258,16.194007873535156,16.35796546936035,1.0
730,REP,2021-01-02,16.992874145507812,16.247941970825195,16.356876373291016,16.570457458496094,1.0
731,REP,2021-01-03,17.16851043701172,15.91413402557373,16.57598304748535,16.934663772583008,1.0
732,REP,2021-01-04,17.609325408935547,15.64051914215088,16.943830490112305,16.41118049621582,1.0
733,REP,2021-01-05,17.15985870361328,15.958706855773926,16.415685653686523,16.614646911621094,1.0
734,REP,2021-01-06,19.342605590820312,16.493576049804688,16.624462127685547,18.539682388305664,1.0
735,REP,2021-01-07,21.32004737854004,18.38589859008789,18.538354873657227,19.72578239440918,1.0
736,REP,2021-01-08,20.02231979370117,17.542688369750977,19.721643447875977,18.381410598754883,1.0
737,REP,2021-01-09,20.168777465820312,17.844161987304688,18.370405197143555,20.13517189025879,1.0
738,REP,2021-01-10,22.84727478027344,19.308488845825195,20.14279556274414,20.56571578979492,1.0
739,REP,2021-01-11,20.70318031311035,16.614990234375,20.54466819763184,18.31623268127441,1.0
740,REP,2021-01-12,19.15458297729492,16.94695281982422,18.34593772888184,17.48622703552246,1.0
741,REP,2021-01-13,19.299484252929688,16.988616943359375,17.458772659301758,19.22251892089844,1.0
742,REP,2021-01-14,20.068307876586918,18.376150131225582,19.23403549194336,19.285829544067383,1.0
743,REP,2021-01-15,20.007347106933597,18.017675399780277,19.282451629638672,19.00950813293457,1.0
744,REP,2021-01-16,20.05825424194336,19.004825592041016,19.004825592041016,19.86125373840332,1.0
745,REP,2021-01-17,21.02753448486328,18.682626724243164,19.866535186767575,21.011098861694336,0.0
746,REP,2021-01-18,21.04474830627441,19.842992782592773,20.82887077331543,20.36332130432129,0.0
747,REP,2021-01-19,22.536060333251957,19.869144439697266,20.386066436767575,20.030502319335938,0.0
748,REP,2021-01-20,20.589006423950195,18.72092056274414,20.0434627532959,20.32306671142578,0.0
749,REP,2021-01-21,20.453950881958008,17.17927360534668,20.32642364501953,17.17927360534668,0.0
750,REP,2021-01-22,18.56063270568848,15.977580070495604,17.177614212036133,18.06398582458496,0.0
751,REP,2021-01-23,18.5611629486084,17.118070602416992,18.05077362060547,17.99736785888672,0.0
752,REP,2021-01-24,18.762998580932617,17.777727127075195,18.003957748413086,18.361772537231445,0.0
753,REP,2021-01-25,19.28704833984375,17.74351692199707,18.363121032714844,17.93038558959961,0.0
754,REP,2021-01-26,18.58894157409668,16.837993621826172,17.93079376220703,17.250125885009766,0.0
755,REP,2021-01-27,17.50025749206543,16.279464721679688,17.249982833862305,16.70442771911621,0.0
756,REP,2021-01-28,17.194496154785156,16.507007598876953,16.707244873046875,17.05390167236328,0.0
757,REP,2021-01-29,18.711435317993164,17.225418090820312,17.724729537963867,17.91477394104004,0.0
758,REP,2021-01-30,18.225269317626957,17.183286666870117,17.913557052612305,17.596418380737305,0.0
759,REP,2021-01-31,17.885353088378906,17.243717193603516,17.596378326416016,17.411157608032227,0.0
760,REP,2021-02-01,17.618953704833984,17.07369613647461,17.410675048828125,17.4030704498291,1.0
761,REP,2021-02-02,18.475738525390625,17.338577270507812,17.39815330505371,18.29450416564941,1.0
762,REP,2021-02-03,20.143617630004883,17.788532257080078,18.29440116882324,20.040536880493164,1.0
763,REP,2021-02-04,21.056856155395508,18.904991149902344,20.04108238220215,20.698484420776367,1.0
764,REP,2021-02-05,25.040367126464844,20.618593215942383,20.68307304382324,22.92498207092285,1.0
765,REP,2021-02-06,23.827369689941406,21.231910705566406,22.914724349975582,21.74811172485352,1.0
766,REP,2021-02-07,22.103965759277344,18.933319091796875,21.74452018737793,21.16598320007324,1.0
767,REP,2021-02-08,23.002613067626957,19.30972671508789,21.13349723815918,22.59990692138672,1.0
768,REP,2021-02-09,24.101491928100582,22.084487915039062,22.578367233276367,23.62518882751465,1.0
769,REP,2021-02-10,25.808563232421875,22.769115447998047,23.64700508117676,25.155786514282227,1.0
770,REP,2021-02-11,27.59463882446289,24.886703491210938,25.104713439941406,27.280988693237305,1.0
771,REP,2021-02-12,29.706132888793945,26.30415153503418,27.463592529296875,29.58884048461914,1.0
772,REP,2021-02-13,32.5357780456543,26.78194046020508,29.61362075805664,32.366153717041016,1.0
773,REP,2021-02-14,34.78346252441406,31.07127571105957,32.27735137939453,33.5694694519043,1.0
774,REP,2021-02-15,36.22262191772461,28.90714263916016,33.55508804321289,32.00171661376953,1.0
775,REP,2021-02-16,33.8990592956543,29.69470596313477,32.019020080566406,30.613744735717773,1.0
776,REP,2021-02-17,31.93914031982422,28.383026123046875,30.631954193115234,31.296180725097656,1.0
777,REP,2021-02-18,34.66293716430664,31.304523468017575,31.308387756347656,34.34646987915039,1.0
778,REP,2021-02-19,36.29508972167969,31.82143783569336,34.35743713378906,36.20869445800781,0.0
779,REP,2021-02-20,38.8686408996582,32.589447021484375,35.93113708496094,34.06636047363281,0.0
780,REP,2021-02-21,36.15209579467773,33.63465118408203,34.07301330566406,35.683143615722656,0.0
781,REP,2021-02-22,35.72063446044922,27.43718719482422,35.72063446044922,31.63461685180664,0.0
782,REP,2021-02-23,31.978370666503903,20.561153411865234,31.68954849243164,24.56483459472656,0.0
783,REP,2021-02-24,27.05485343933105,23.49951934814453,24.60570335388184,25.818510055541992,0.0
784,REP,2021-02-25,30.52353858947754,25.281648635864254,25.967309951782227,25.513830184936523,0.0
785,REP,2021-02-26,26.90821647644043,23.373680114746094,25.49213409423828,26.52941131591797,0.0
786,REP,2021-02-27,29.5161075592041,26.38994407653809,26.52989387512207,26.862838745117188,0.0
787,REP,2021-02-28,27.34004783630371,22.63755416870117,26.86141967773437,23.602027893066406,0.0
788,REP,2021-03-01,33.41010284423828,23.591854095458984,23.591854095458984,30.380083084106445,0.0
789,REP,2021-03-02,31.46459007263184,27.134790420532227,30.015625,29.14359474182129,0.0
790,REP,2021-03-03,29.499666213989254,27.599443435668945,29.157609939575195,28.201675415039062,0.0
791,REP,2021-03-04,29.76736831665039,27.203577041625977,28.201400756835938,28.64958000183105,1.0
792,REP,2021-03-05,28.660436630249023,26.093185424804688,28.64564514160156,28.55796432495117,1.0
793,REP,2021-03-06,30.09929656982422,27.0715446472168,28.586027145385746,29.10349464416504,1.0
794,REP,2021-03-07,30.77265930175781,28.65562057495117,29.11073303222656,30.622180938720703,1.0
795,REP,2021-03-08,30.87679100036621,29.47490882873535,30.565658569335938,30.636905670166016,1.0
796,REP,2021-03-09,32.63167953491211,30.108530044555664,30.64406394958496,32.63167953491211,1.0
797,REP,2021-03-10,34.05703353881836,31.01167106628418,32.63060760498047,33.5118522644043,1.0
798,REP,2021-03-11,34.22877883911133,31.5415096282959,33.48451614379883,32.45773696899414,1.0
799,REP,2021-03-12,32.488853454589844,29.86287879943848,32.488853454589844,31.48308753967285,1.0
800,REP,2021-03-13,32.31378555297852,29.860004425048828,31.49054908752441,32.185340881347656,1.0
801,REP,2021-03-14,32.32938766479492,30.336322784423828,32.20281219482422,30.701810836791992,1.0
802,REP,2021-03-15,31.437049865722656,28.817127227783203,30.698375701904297,29.239879608154297,1.0
803,REP,2021-03-16,30.64385223388672,28.267559051513672,29.240703582763672,30.34854888916016,1.0
804,REP,2021-03-17,31.222835540771484,28.75037956237793,30.34791755676269,30.953569412231445,1.0
805,REP,2021-03-18,31.958711624145508,29.687782287597656,30.92478370666504,31.903717041015625,1.0
806,REP,2021-03-19,35.14081573486328,31.077472686767575,31.91143798828125,33.102203369140625,1.0
807,REP,2021-03-20,34.34735870361328,31.282188415527344,33.10943603515625,31.282188415527344,1.0
808,REP,2021-03-21,31.74686050415039,29.91336250305176,31.28160095214844,30.562108993530277,1.0
809,REP,2021-03-22,42.18286895751953,30.20296669006348,30.553979873657227,36.62099075317383,1.0
810,REP,2021-03-23,42.62752532958984,35.19083786010742,36.68028259277344,38.17667770385742,1.0
811,REP,2021-03-24,38.45833587646485,32.01087188720703,38.13370513916016,32.83415222167969,1.0
812,REP,2021-03-25,33.09672546386719,30.524389266967773,32.83747863769531,31.43989372253418,1.0
813,REP,2021-03-26,34.26573944091797,31.423358917236328,31.423358917236328,34.20824432373047,1.0
814,REP,2021-03-27,34.85039138793945,32.542808532714844,34.258506774902344,33.76310729980469,1.0
815,REP,2021-03-28,37.74029541015625,33.72149658203125,33.75929641723633,36.7433967590332,1.0
816,REP,2021-03-28,39.560279846191406,35.43041229248047,36.79829025268555,39.26100158691406,1.0
817,REP,2021-03-29,46.6209831237793,38.82351303100586,39.258880615234375,42.54865646362305,1.0
818,REP,2021-03-30,43.88982391357422,39.19248962402344,42.52021789550781,41.07583236694336,1.0
819,REP,2021-03-31,41.332298278808594,39.38218688964844,41.14052581787109,40.07908630371094,1.0
820,REP,2021-04-01,42.00337219238281,38.95050811767578,39.9427604675293,41.91706466674805,1.0
821,REP,2021-04-02,45.61297607421875,38.31644821166992,41.9687614440918,38.51322555541992,1.0
822,REP,2021-04-03,43.30730438232422,38.2366828918457,38.47751235961914,42.06935119628906,1.0
823,REP,2021-04-04,44.90598678588867,39.99055099487305,42.08073043823242,43.780311584472656,1.0
824,REP,2021-04-05,47.849403381347656,42.26288986206055,43.68378829956055,44.38840866088867,1.0
825,REP,2021-04-06,50.48068237304688,38.9254035949707,44.25006866455078,47.26324462890625,1.0
826,REP,2021-04-07,50.73758316040039,43.36073303222656,47.42353439331055,50.65476608276367,1.0
827,REP,2021-04-08,57.90486526489258,47.751949310302734,50.6719856262207,57.563236236572266,0.0
828,REP,2021-04-09,59.98915100097656,49.98380279541016,57.42414474487305,52.09078979492188,0.0
829,REP,2021-04-10,52.07563018798828,47.57112503051758,52.07563018798828,49.262603759765625,0.0
830,REP,2021-04-11,49.41104888916016,46.1385383605957,49.27706146240234,47.52782440185547,0.0
831,REP,2021-04-12,52.16598129272461,47.05132293701172,47.51758193969727,49.66054534912109,0.0
832,REP,2021-04-13,51.884376525878906,46.47159194946289,49.661502838134766,49.27655792236328,0.0
833,REP,2021-04-14,51.93626403808594,48.19744873046875,49.27975082397461,50.765079498291016,0.0
834,REP,2021-04-15,54.220306396484375,47.4834098815918,50.74468612670898,52.70022964477539,0.0
835,REP,2021-04-16,53.91791534423828,49.97235870361328,52.6690673828125,51.22371673583984,0.0
836,REP,2021-04-17,51.25703430175781,39.402469635009766,51.22657775878906,44.40817260742188,0.0
837,REP,2021-04-18,46.43173599243164,37.879695892333984,44.33123779296875,38.31832885742188,0.0
838,REP,2021-04-19,39.499149322509766,34.18678665161133,38.2392578125,39.03633880615234,0.0
839,REP,2021-04-20,39.923606872558594,36.17921447753906,38.985137939453125,36.878719329833984,0.0
840,REP,2021-04-21,38.11347961425781,31.904186248779297,36.89479446411133,32.091087341308594,0.0
841,REP,2021-04-22,33.66297149658203,26.97682762145996,32.045989990234375,31.644569396972656,0.0
842,REP,2021-04-23,31.8110408782959,28.205795288085938,31.645479202270508,28.4672908782959,1.0
843,REP,2021-04-24,48.66275787353516,27.48408508300781,28.55599403381348,29.161052703857425,1.0
844,REP,2021-04-25,36.15144729614258,29.083829879760746,29.159242630004883,36.047271728515625,1.0
845,REP,2021-04-26,38.265380859375,35.223724365234375,36.10633087158203,38.02818298339844,1.0
846,REP,2021-04-27,39.107383728027344,35.26970291137695,38.11481094360352,37.95084762573242,1.0
847,REP,2021-04-28,37.9998893737793,34.29473114013672,37.8052978515625,36.21582412719727,1.0
848,REP,2021-04-29,40.44911193847656,35.4876708984375,36.235801696777344,40.12113571166992,1.0
849,REP,2021-04-30,42.2550163269043,39.55826568603516,40.09485626220703,42.15176010131836,1.0
850,REP,2021-05-01,42.74836349487305,39.57489776611328,42.306739807128906,40.78242111206055,1.0
851,REP,2021-05-02,44.43063735961914,40.73204040527344,40.78593444824219,43.12516784667969,1.0
852,REP,2021-05-03,43.43378448486328,37.81218338012695,43.08098983764648,38.75249862670898,1.0
853,REP,2021-05-04,47.132659912109375,38.47589111328125,38.890750885009766,46.87174224853516,1.0
854,REP,2021-05-05,50.02896881103516,45.02496337890625,46.73165130615234,48.47018432617188,0.0
855,REP,2021-05-06,52.60865783691406,46.349388122558594,48.65154266357422,47.485233306884766,0.0
856,REP,2021-05-07,49.84086608886719,45.965431213378906,47.4941635131836,46.98527908325195,0.0
857,REP,2021-05-08,47.08217239379883,42.93951416015625,46.90515899658203,45.58959579467773,0.0
858,REP,2021-05-09,46.85602569580078,37.41568756103516,45.59845352172852,39.408973693847656,0.0
859,REP,2021-05-10,43.75545883178711,37.84111022949219,39.40573120117188,43.60727691650391,0.0
860,REP,2021-05-11,46.14094924926758,35.26639938354492,43.4960823059082,35.26639938354492,0.0
861,REP,2021-05-12,38.19013977050781,33.99750518798828,35.2802619934082,36.53168487548828,0.0
862,REP,2021-05-13,39.4160270690918,36.08481979370117,36.53971481323242,38.15483856201172,0.0
863,REP,2021-05-14,38.77446365356445,33.89875411987305,38.31974792480469,34.31538391113281,0.0
864,REP,2021-05-15,37.59834289550781,31.81038856506348,34.242881774902344,33.89823913574219,0.0
865,REP,2021-05-16,34.01634216308594,29.44985008239746,33.78859329223633,31.359254837036133,0.0
866,REP,2021-05-17,34.09777069091797,31.054033279418945,31.252174377441406,32.779911041259766,0.0
867,REP,2021-05-18,33.30111312866211,15.879066467285156,32.66231918334961,20.53813743591309,0.0
868,REP,2021-05-19,31.82891273498535,17.778350830078125,20.370908737182617,30.734941482543945,0.0
869,REP,2021-05-20,31.13188362121582,22.25142288208008,30.72911262512207,25.90260505676269,0.0
870,REP,2021-05-21,27.21281242370605,23.11931037902832,25.994667053222656,24.049894332885746,0.0
871,REP,2021-05-22,25.98192405700684,17.29676055908203,24.03969383239746,19.121397018432617,0.0
872,REP,2021-05-23,25.576128005981445,18.41861343383789,18.91847419738769,25.563343048095703,0.0
873,REP,2021-05-24,26.50951766967773,23.740915298461918,25.560415267944336,26.50951766967773,0.0
874,REP,2021-05-25,28.112659454345703,25.378154754638672,26.46822166442871,28.066516876220703,0.0
875,REP,2021-05-26,28.55644989013672,25.678321838378903,28.118423461914062,26.96303367614746,0.0
876,REP,2021-05-27,27.80391502380371,23.224288940429688,26.967941284179688,24.198930740356445,0.0
877,REP,2021-05-28,25.276994705200195,21.446367263793945,24.30777931213379,22.899560928344727,0.0
878,REP,2021-05-29,23.588106155395508,21.550033569335938,22.820920944213867,23.30658531188965,0.0
879,REP,2021-05-30,24.5941219329834,21.924148559570312,23.306257247924805,24.288175582885746,0.0
880,REP,2021-05-31,24.49027633666992,22.91482353210449,24.336021423339844,23.463964462280277,0.0
881,REP,2021-06-01,26.785625457763672,22.927642822265625,23.46835327148437,25.14963722229004,0.0
882,REP,2021-06-02,26.974218368530277,24.65120887756348,25.15082550048828,26.16358184814453,0.0
883,REP,2021-06-03,26.88971900939941,22.957008361816406,26.165904998779297,23.88617706298828,0.0
884,REP,2021-06-04,25.730268478393555,23.1272087097168,23.93519592285156,23.74530029296875,0.0
885,REP,2021-06-05,25.00590133666992,23.475866317749023,23.74347305297852,24.67165946960449,0.0
886,REP,2021-06-06,25.429012298583984,21.95882606506348,24.602758407592773,22.14903450012207,0.0
887,REP,2021-06-07,22.920249938964844,19.07676887512207,22.193471908569336,21.10769844055176,0.0
888,REP,2021-06-08,22.704456329345703,20.26483726501465,21.106203079223636,22.39219665527344,0.0
889,REP,2021-06-09,22.82400321960449,21.06222915649414,22.526031494140625,21.58672142028809,0.0
890,REP,2021-06-10,24.05569839477539,19.727542877197266,21.71782684326172,19.884662628173828,0.0
891,REP,2021-06-11,20.09345245361328,17.726045608520508,19.887805938720703,18.540163040161133,0.0
892,REP,2021-06-12,19.29898452758789,17.75254249572754,18.542011260986328,19.25884437561035,0.0
893,REP,2021-06-13,19.521907806396484,18.499631881713867,19.27142906188965,19.309551239013672,0.0
894,REP,2021-06-14,20.77277946472168,19.168785095214844,19.962804794311523,19.59343147277832,0.0
895,REP,2021-06-15,20.268949508666992,18.34280776977539,19.798736572265625,18.502870559692383,0.0
896,REP,2021-06-16,19.23122215270996,17.825897216796875,18.495058059692383,18.397897720336918,0.0
897,REP,2021-06-17,18.444236755371094,16.419708251953125,18.441442489624023,16.817792892456055,0.0
898,REP,2021-06-18,17.565664291381836,16.518421173095703,16.8194637298584,16.753454208374023,0.0
899,REP,2021-06-19,16.78607940673828,14.896777153015137,16.75323486328125,16.139591217041016,0.0
900,REP,2021-06-20,16.165523529052734,11.722018241882324,16.118656158447266,11.765020370483398,0.0
901,REP,2021-06-21,12.305095672607422,9.473679542541504,11.76495361328125,10.974349975585938,0.0
902,REP,2021-06-22,12.040390968322754,10.62840175628662,10.98521327972412,11.816961288452148,0.0
903,REP,2021-06-24,13.33332347869873,11.219945907592772,11.728514671325684,12.977534294128418,0.0
