,symbol,Date,High,Low,Open,Close,Volume,Adj Close,pc_sma15c_sma30c,pc_open_close,pc_high_low,pc_low_close
0,TRX,2020-08-03,0.0200640000402927,0.0189360007643699,0.019055999815464,0.0198870003223419,530532808,0.0198870003223419,0.0,0.04360833936425332,-0.056220059492501244,0.05022177437600287
1,TRX,2020-08-04,0.02063599973917,0.0198870003223419,0.0198870003223419,0.0203520003706216,535229652,0.0203520003706216,0.0,0.02338211096408034,-0.03629576595731365,0.02338211096408034
2,TRX,2020-08-05,0.0207109991461038,0.0201719999313354,0.0203590001910924,0.0204509999603033,472602438,0.0204509999603033,0.0,0.004518874617976133,-0.026024780888941182,0.01383105442780105
3,TRX,2020-08-06,0.0205370001494884,0.0200469996780157,0.020448999479413,0.0202750004827976,450623907,0.0202750004827976,0.0,-0.0085089246928964,-0.023859398544383244,0.011373313136326042
4,TRX,2020-08-07,0.0210599992424249,0.0193099994212389,0.0202680006623268,0.0199379995465278,800831329,0.0199379995465278,0.0,-0.01628187808442247,-0.08309591092770147,0.032522016784639
5,TRX,2020-08-08,0.0205739997327327,0.0197839997708797,0.0198989994823932,0.0204179994761943,396763867,0.0204179994761943,0.0,0.026081713015788315,-0.038397976675197974,0.03204608333284504
6,TRX,2020-08-09,0.0206339992582798,0.0202050004154443,0.0204479992389678,0.0204729996621608,383920387,0.0204729996621608,0.0,0.0012226342000912652,-0.020790872262116365,0.013264005998814334
7,TRX,2020-08-10,0.0217710006982088,0.0204959996044635,0.0204959996044635,0.0215169992297887,596055237,0.0215169992297887,0.0,0.049814580651282414,-0.058564193323929196,0.049814580651282414
8,TRX,2020-08-11,0.0215220004320144,0.0196529999375343,0.0215140003710985,0.0201570000499486,806259540,0.0201570000499486,0.0,-0.06307522068154608,-0.08684139285212183,0.025644945505328805
9,TRX,2020-08-12,0.0206640008836984,0.0191910006105899,0.020160999149084,0.0203910004347562,477942729,0.0203910004347562,0.0,0.011408228529321085,-0.07128340157353232,0.06252929946258867
10,TRX,2020-08-13,0.0232129991054534,0.0197049994021654,0.020388999953866,0.0226060003042221,771131136,0.0226060003042221,0.0,0.10873511969064124,-0.15112220904122087,0.14722156762602628
11,TRX,2020-08-14,0.025747999548912,0.0226280000060796,0.0226280000060796,0.0247499998658895,1078753054,0.0247499998658895,0.0,0.0937776144263642,-0.12117444451968062,0.0937776144263642
12,TRX,2020-08-15,0.0255079995840787,0.0237559992820024,0.0247389990836381,0.0252010002732276,836345615,0.0252010002732276,0.0,0.018675015429183598,-0.06868434728883414,0.06082678207184225
13,TRX,2020-08-16,0.0284439995884895,0.024295000359416,0.0252119991928339,0.0282070003449916,1128912475,0.0282070003449916,0.0,0.11879268792809498,-0.14586553540636688,0.1610207831941615
14,TRX,2020-08-17,0.0311450008302927,0.0269419997930526,0.0282070003449916,0.0303879994899034,1342730121,0.0303879994899034,0.0,0.07732120105777417,-0.13494945979105955,0.12790437693268053
15,TRX,2020-08-18,0.0323939993977546,0.0285069998353719,0.0303320009261369,0.0288030002266168,1708225951,0.0288030002266168,-0.008359948559386233,-0.05040883070139201,-0.11999134514561145,0.01038342838440756
16,TRX,2020-08-19,0.0289249997586011,0.0256420001387596,0.0287779998034238,0.0265369992703199,1532284594,0.0265369992703199,-0.01650463079152103,-0.07787200460114267,-0.11350041995645206,0.03490363960366143
17,TRX,2020-08-20,0.0277190003544092,0.0264500007033348,0.0265190005302429,0.0275449994951486,925062330,0.0275449994951486,-0.025726972758667446,0.03868920187001871,-0.04578085915253946,0.041398819005541335
18,TRX,2020-08-21,0.0277290008962154,0.0242340005934238,0.0275410003960132,0.0243430007249116,901541907,0.0243430007249116,-0.034765662425703635,-0.11611777441332667,-0.12604133541892662,0.004497818305632122
19,TRX,2020-08-22,0.0254519991576671,0.0235479995608329,0.0243490003049373,0.0251630004495382,871932825,0.0251630004495382,-0.04549260041145314,0.033430536547976585,-0.07480746738358443,0.06858335819708057
20,TRX,2020-08-23,0.0252320002764463,0.0238419994711875,0.0251419991254806,0.024465000256896,559951529,0.024465000256896,-0.05468429445271864,-0.02692701026699511,-0.055088807467886115,0.026130391725802282
21,TRX,2020-08-24,0.0256110001355409,0.024049000814557,0.0244520008563995,0.0251630004495382,562364027,0.0251630004495382,-0.06443752562159312,0.029077358426176304,-0.060989391773743455,0.04632207564760404
22,TRX,2020-08-25,0.0254069995135068,0.0224639996886253,0.0251640006899833,0.023132000118494,660656192,0.023132000118494,-0.06974981918162891,-0.08075029867163178,-0.11583421424151044,0.029736486784539162
23,TRX,2020-08-26,0.023922000080347,0.0228829998522996,0.0231229998171329,0.0237470008432865,584388284,0.0237470008432865,-0.07943941717016315,0.02698616230975567,-0.04343283272960877,0.03775733061939751
24,TRX,2020-08-27,0.0244699995964765,0.0223430003970861,0.0237460006028413,0.0230999998748302,656715523,0.0230999998748302,-0.08785953024445911,-0.027204611791924387,-0.0869227312818049,0.033880833562659196
25,TRX,2020-08-28,0.0242519993335008,0.0228029992431402,0.0231079999357461,0.0239809993654489,563814715,0.0239809993654489,-0.09086891904757574,0.037779099538266185,-0.05974765504627924,0.05165987639380711
26,TRX,2020-08-29,0.025195999071002,0.0237990003079175,0.0239850003272295,0.0250380001962184,548310637,0.0250380001962184,-0.08904545287524478,0.043902432963215735,-0.05544526173174455,0.05206100559983211
27,TRX,2020-08-30,0.0281399991363286,0.0249889995902776,0.0250010006129741,0.0269520003348588,907256920,0.0269520003348588,-0.0883980428940768,0.07803686548738539,-0.1119758224151143,0.07855459509251186
28,TRX,2020-08-31,0.0297079998999834,0.0259089991450309,0.0269910003989934,0.0292980000376701,1169223528,0.0292980000376701,-0.08260891426170451,0.08547292077261202,-0.1278780384994758,0.13080400650247348
29,TRX,2020-09-01,0.0356720015406608,0.0283799991011619,0.0292770005762577,0.0345529988408088,2177409507,0.0345529988408088,-0.07815984822826488,0.18020965811742656,-0.20441809050683904,0.2175123303437374
30,TRX,2020-09-02,0.0380770005285739,0.0324149988591671,0.0346169993281364,0.0344510003924369,4058694827,0.0344510003924369,-0.07221656594103538,-0.0047953011214516795,-0.14869873127632252,0.06281047678315772
31,TRX,2020-09-03,0.0488759987056255,0.0342920012772083,0.0345439985394477,0.0411919988691806,6184131222,0.0411919988691806,-0.08135417781104123,0.19245022611210405,-0.2983877120599608,0.2012130332142
32,TRX,2020-09-04,0.044488999992609,0.0329939983785152,0.0410289987921714,0.0356200002133846,5318358918,0.0356200002133846,-0.08102865805464585,-0.13183355036728006,-0.25837851190189653,0.07959028805006488
33,TRX,2020-09-05,0.0366559997200965,0.02810899913311,0.0357489995658397,0.0299970004707574,3631605784,0.0299970004707574,-0.08204277636861947,-0.16089958222435616,-0.23316784843548108,0.06716714916482015
34,TRX,2020-09-06,0.0323739983141422,0.0281709991395473,0.0299970004707574,0.0315230004489421,3126107645,0.0315230004489421,-0.08227381545299921,0.050871752316446514,-0.1298263851690778,0.1189876614879861
35,TRX,2020-09-07,0.0325520001351833,0.0286580007523298,0.0314759984612464,0.0322760008275508,2401424526,0.0322760008275508,-0.0857138640737162,0.02541626653366912,-0.1196239667818364,0.12624746947593224
36,TRX,2020-09-08,0.0354299992322921,0.03175999969244,0.0323290005326271,0.0350009985268116,3157190949,0.0350009985268116,-0.090443909594276,0.08265018869011632,-0.10358452213871738,0.10204656378328221
37,TRX,2020-09-09,0.0358729995787143,0.0337929986417293,0.0351100005209445,0.0340249985456466,2334257138,0.0340249985456466,-0.10017012324339548,-0.030902932475055184,-0.05798235334129117,0.006865324571428046
38,TRX,2020-09-10,0.0351819992065429,0.0327260009944438,0.0340589992702007,0.0330770015716552,2259381039,0.0330770015716552,-0.10539724976493856,-0.028832253430437264,-0.06980837551841985,0.0107254344113412
39,TRX,2020-09-11,0.0344090014696121,0.0314310006797313,0.0330770015716552,0.0335090011358261,2419591539,0.0335090011358261,-0.11271207847506967,0.013060420946410538,-0.08654714355808282,0.06611308616193132
40,TRX,2020-09-12,0.0335519984364509,0.0322480015456676,0.0335480011999607,0.0327490009367466,2301374668,0.0327490009367466,-0.11986458928395977,-0.02381662795502226,-0.03886495444535549,0.015535827557236799
41,TRX,2020-09-13,0.0327499993145465,0.0296589992940425,0.0327490009367466,0.0305829998105764,2416138366,0.0305829998105764,-0.1250461839621437,-0.06613945660063775,-0.09438168199078642,0.031154136637357853
42,TRX,2020-09-14,0.0315859988331794,0.030154999345541,0.0305920001119375,0.030451999977231,2776982500,0.030451999977231,-0.12628069536296274,-0.004576364219215168,-0.04530486736215569,0.00984913407845649
43,TRX,2020-09-15,0.0304310005158185,0.027700999751687,0.0304029993712902,0.0279009994119405,3079049243,0.0279009994119405,-0.12351169469741642,-0.08229451077489285,-0.08971117340398983,0.0072199437582146095
44,TRX,2020-09-16,0.0292029995471239,0.0262380000203847,0.0279089994728565,0.0264940001070499,3463620542,0.0264940001070499,-0.11017747915849158,-0.05070046911508915,-0.10153065002636734,0.009756844518115395
45,TRX,2020-09-17,0.0283950008451938,0.0264270007610321,0.026452999562025,0.0281039997935295,2801521792,0.0281039997935295,-0.09663386619680316,0.06241259058857799,-0.06930797765744062,0.06345778878434877
46,TRX,2020-09-18,0.0298009999096393,0.0278750006109476,0.0281039997935295,0.0290890000760555,3523907328,0.0290890000760555,-0.06603454127039089,0.03504840199837959,-0.06462868039769115,0.04355154936323537
47,TRX,2020-09-19,0.0292949993163347,0.0276570003479719,0.0290450006723403,0.0277820006012916,2897389598,0.0277820006012916,-0.04799039503387394,-0.043484250019365976,-0.05591394458403226,0.004519660546949679
48,TRX,2020-09-20,0.027793999761343,0.0265229996293783,0.0277629997581243,0.0269649997353553,2760499756,0.0269649997353553,-0.03803781950438787,-0.028743292501577734,-0.04572929923286734,0.01666478573891832
49,TRX,2020-09-21,0.0275209993124008,0.0246910005807876,0.0269809998571872,0.0249990001320838,3377753024,0.0249990001320838,-0.023490259384601486,-0.07345909104904566,-0.10283052223100125,0.01247416240943504
50,TRX,2020-09-22,0.0255139991641044,0.0246750004589557,0.0250049997121095,0.0250439997762441,1948134714,0.0250439997762441,-0.00649245690085722,0.0015596906452158116,-0.032883857201386375,0.014954379348531088
51,TRX,2020-09-23,0.0260979998856782,0.0247249994426965,0.0250439997762441,0.0248949993401765,2053309531,0.0248949993401765,0.01602770592975403,-0.005949546294475646,-0.05260941256020022,0.006875627960032846
52,TRX,2020-09-24,0.0263160001486539,0.0245779994875192,0.0248959995806217,0.0263160001486539,921059868,0.0263160001486539,0.03690167154164152,0.05703729884127602,-0.0660434964020778,0.07071367472431049
53,TRX,2020-09-25,0.0274359993636608,0.0256580002605915,0.0262889992445707,0.0272000003606081,1793239955,0.0272000003606081,0.05380388535360889,0.03465332048444344,-0.06480533402491154,0.0600982182693708
54,TRX,2020-09-26,0.0289079993963241,0.0271080005913972,0.0271930005401372,0.027276000007987,1564059129,0.027276000007987,0.07211979307250123,0.003052236465309983,-0.062266460582387634,0.006197410835350135
55,TRX,2020-09-27,0.0275299996137619,0.0261279996484518,0.0272819995880126,0.0266389995813369,1528014706,0.0266389995813369,0.08845606503884466,-0.0235686539251408,-0.05092626171375806,0.019557560462359243
56,TRX,2020-09-28,0.0271719992160797,0.0263749994337558,0.0266389995813369,0.0263969991356134,1390222335,0.0263969991356134,0.09913046114067157,-0.009084441965795246,-0.029331657784395154,0.0008341119366791498
57,TRX,2020-09-29,0.0265180002897977,0.0257019996643066,0.0263710003346204,0.0264400001615285,979476755,0.0264400001615285,0.10753495021490132,0.0026165039639211847,-0.030771574650183615,0.028713738497428767
58,TRX,2020-09-30,0.0265989992767572,0.0258879996836185,0.026435999199748,0.0262780003249645,919851651,0.0262780003249645,0.10814906417495632,-0.005976656058644765,-0.02673031363852796,0.015064919889997704
59,TRX,2020-10-01,0.0267050005495548,0.025340000167489,0.0262780003249645,0.0258280001580715,1016395919,0.0258280001580715,0.10088706235747551,-0.0171245970518347,-0.05111403684612756,0.019258089477386844
60,TRX,2020-10-02,0.0261940006166696,0.024227999150753,0.0258670002222061,0.0260060001164674,1065863557,0.0260060001164674,0.09702531891517517,0.005373637958296132,-0.07505541038528706,0.07338620719982729
61,TRX,2020-10-03,0.028498999774456,0.0258440002799034,0.0260060001164674,0.0273020006716251,1336234161,0.0273020006716251,0.08666650659958337,0.049834674665599654,-0.09316114655126623,0.056415430116500034
62,TRX,2020-10-04,0.0274989996105432,0.0259949993342161,0.0273020006716251,0.0265250001102685,1110570179,0.0265250001102685,0.0799045636143234,-0.028459473380796404,-0.05469290874677711,0.020388566633074746
63,TRX,2020-10-05,0.0268290005624294,0.0260930005460977,0.0265430007129907,0.0265580005943775,968479716,0.0265580005943775,0.07715008763393369,0.0005651162635677715,-0.027433001636385023,0.017820872975428764
64,TRX,2020-10-06,0.0266859997063875,0.0254629999399185,0.026537999510765,0.025688000023365,1112896030,0.025688000023365,0.06916938741940677,-0.03202952381754328,-0.04582926552968011,0.008836354081506523
65,TRX,2020-10-07,0.0257890000939369,0.025212999433279,0.0256830006837844,0.0256570000201463,841930648,0.0256570000201463,0.060383286605537594,-0.0010123686074780668,-0.02233512965061876,0.017609986786469304
66,TRX,2020-10-08,0.0258869994431734,0.025204999372363,0.0256709996610879,0.0257070008665323,977804405,0.0257070008665323,0.047927501416039055,0.0014024076163645658,-0.026345273128603162,0.019916742974401346
67,TRX,2020-10-10,0.0272780004888772,0.0261950008571147,0.0262020006775856,0.0263700000941753,1436858808,0.0263700000941753,0.038949783500371246,0.0064117018641792764,-0.03970231000634004,0.006680634904925693
68,TRX,2020-10-11,0.0268079992383718,0.0260940007865428,0.0263599995523691,0.0264669992029666,1114292998,0.0264669992029666,0.03297031422920685,0.004059167390535213,-0.02663378365092668,0.014294412707160026
69,TRX,2020-10-14,0.0271600000560283,0.0264129992574453,0.0268190000206232,0.0268270000815391,1135266066,0.0268270000815391,0.026106115983564604,0.0002982982553319111,-0.027503711231296513,0.015674131516022333
70,TRX,2020-10-15,0.0268040001392364,0.0263270009309053,0.0268040001392364,0.0265360008925199,1067720847,0.0265360008925199,0.018839394997294485,-0.009998479530083215,-0.01779582173754943,0.0079386164099403
71,TRX,2020-10-16,0.0265689995139837,0.0253299996256828,0.0265250001102685,0.0257389992475509,1076494690,0.0257389992475509,0.014540677774875162,-0.02963245464467764,-0.04663329108982042,0.016146846739523938
72,TRX,2020-10-17,0.0260339993983507,0.0255619995296001,0.0257430002093315,0.0257460009306669,783849476,0.0257460009306669,0.010452008450693696,0.00011656455389814826,-0.01813013289001236,0.007198239748566316
73,TRX,2020-10-18,0.0259780008345842,0.0256670005619525,0.0257539991289377,0.0259360000491142,741735960,0.0259360000491142,0.00886214377005589,0.007066899368339237,-0.011971678444850527,0.010480363161734231
74,TRX,2020-10-19,0.0260979998856782,0.0256580002605915,0.0259509999305009,0.0258610006421804,970398128,0.0258610006421804,0.007986846079887089,-0.0034680470333137794,-0.01685951517411722,0.007911777205049469
75,TRX,2020-10-20,0.0286309998482465,0.025289999321103,0.0258610006421804,0.0260119996964931,1752177516,0.0260119996964931,0.005344990118858056,0.0058388712951196915,-0.11669171684020394,0.02854884914083944
76,TRX,2020-10-21,0.0271339993923902,0.0259709991514682,0.0260070003569126,0.0267210006713867,1217457321,0.0267210006713867,0.0038300520565094556,0.02745415867556301,-0.04286136459663093,0.028878423796648633
77,TRX,2020-10-22,0.0273289997130632,0.0267030000686645,0.0267130006104707,0.0270419996231794,1141772374,0.0270419996231794,0.0015794580032258026,0.012316063534238243,-0.02290605770321968,0.012695186070598573
78,TRX,2020-10-23,0.0270589999854564,0.0263199992477893,0.0270530004054307,0.0266910009086132,1048646249,0.0266910009086132,0.0008935998291436816,-0.013381121923349757,-0.02731071872812363,0.014095808184913357
79,TRX,2020-10-24,0.0272470004856586,0.0265730004757642,0.0266910009086132,0.0270499996840953,923427611,0.0270499996840953,3.803200999239588e-05,0.013450180332737122,-0.024736668179279428,0.01795052119786572
80,TRX,2020-10-25,0.0271990001201629,0.0266449991613626,0.0270499996840953,0.0269349999725818,915475862,0.0269349999725818,-0.0008031440225886533,-0.004251375706341148,-0.02036843105822906,0.010883873910558275
81,TRX,2020-10-26,0.0273770000785589,0.0264250002801418,0.0269349999725818,0.0267619993537664,1088998065,0.0267619993537664,-0.0011078681024278183,-0.006422892852849652,-0.03477370769935777,0.012753039547850181
82,TRX,2020-10-27,0.0271419994533061,0.0266110002994537,0.0267619993537664,0.0269610006362199,1010406631,0.0269610006362199,-0.0017840091671532756,0.007435964698410772,-0.019563744917389297,0.01315246825852627
83,TRX,2020-10-28,0.0270869992673397,0.0265510007739067,0.0269610006362199,0.0268520005047321,883960291,0.0268520005047321,-0.003194971061817403,-0.004042881529454995,-0.0197880351434602,0.011336662349888175
84,TRX,2020-10-29,0.0271879993379116,0.0263579990714788,0.0268520005047321,0.0264899991452693,942916978,0.0264899991452693,-0.003339550499208501,-0.013481355305315346,-0.030528184737573832,0.005007970196544053
85,TRX,2020-10-30,0.0265759993344545,0.0253209993243217,0.0264899991452693,0.0256260000169277,910069440,0.0256260000169277,-0.002323609841086739,-0.032616049687411885,-0.04722305996244325,0.012045365536305386
86,TRX,2020-10-31,0.0265560001134872,0.0254270005971193,0.0256260000169277,0.0257699992507696,934899053,0.0257699992507696,-0.0031971822625501485,0.005619263004244978,-0.04251391442774188,0.013489544405373572
87,TRX,2020-11-01,0.0259300004690885,0.025484999641776,0.0258210003376007,0.0257270000874996,740672528,0.0257270000874996,-0.004054854424105507,-0.0036404573359699057,-0.017161620488321577,0.009495799455570837
88,TRX,2020-11-02,0.025892000645399,0.024380000308156,0.0257270000874996,0.0244330000132322,909137322,0.0244330000132322,-0.0025906732321242815,-0.05029735569115726,-0.05839642745071854,0.002173900919044286
89,TRX,2020-11-03,0.0244699995964765,0.0231689997017383,0.0244330000132322,0.0244159996509552,953218599,0.0244159996509552,-0.0007159033106660065,-0.0006957951241269111,-0.053167140016035605,0.05382191571798169
90,TRX,2020-11-04,0.0244159996509552,0.0238010007888078,0.0244159996509552,0.0241960007697343,858371148,0.0241960007697343,0.0016046367769212524,-0.009010439235171518,-0.0251883548058349,0.01659593999560913
91,TRX,2020-11-05,0.0250419992953538,0.0240899994969367,0.0241969991475343,0.0249620005488395,809301894,0.0249620005488395,0.0031153243175489173,0.03161554854967018,-0.03801612591666069,0.03619763678341641
92,TRX,2020-11-06,0.0260649994015693,0.0249199997633695,0.0249610003083944,0.0260649994015693,876674156,0.0260649994015693,0.005028124320846621,0.044228960359558346,-0.0439286270664891,0.04594701641541993
93,TRX,2020-11-07,0.0266299992799758,0.0245329998433589,0.0260649994015693,0.0249199997633695,952470345,0.0249199997633695,0.007479192398760721,-0.0439286270664891,-0.07874575641441049,0.015774667691744293
94,TRX,2020-11-08,0.0256489999592304,0.0246939994394779,0.0249199997633695,0.025365000590682,636276784,0.025365000590682,0.011389490279593045,0.01785717622544341,-0.0372334407294823,0.027172639768160846
95,TRX,2020-11-09,0.0256329998373985,0.0247820001095533,0.025365000590682,0.0248109996318817,835050949,0.0248109996318817,0.015769019568428636,-0.02184115694457403,-0.033199381002749245,0.0011701849003390944
96,TRX,2020-11-10,0.0252889990806579,0.0247060004621744,0.0248119998723268,0.0248719993978738,707887433,0.0248719993978738,0.01957050228971063,0.0024181656398409956,-0.023053447731326004,0.006718972419414713
97,TRX,2020-11-11,0.0253330003470182,0.0248719993978738,0.0248719993978738,0.0250540003180503,711256095,0.0250540003180503,0.022819227112066676,0.007317502596597082,-0.018197645080704518,0.007317502596597082
98,TRX,2020-11-12,0.0252180006355047,0.0248770006000995,0.0250540003180503,0.0249370001256465,719747327,0.0249370001256465,0.025830796696607365,-0.004669920608227454,-0.013522088461093125,0.0024118472524682034
99,TRX,2020-11-13,0.0255249999463558,0.0248799994587898,0.0249370001256465,0.0254050008952617,653191359,0.0254050008952617,0.026844798222873924,0.018767324347642018,-0.02526936293522243,0.021101344368655958
100,TRX,2020-11-14,0.025425000116229,0.0250930003821849,0.0254050008952617,0.0251909997314214,695044806,0.0251909997314214,0.026276685555969993,-0.008423584188111989,-0.013058003245875345,0.0039054456519308123
101,TRX,2020-11-15,0.0258540008217096,0.0250729992985725,0.0251909997314214,0.0254089999943971,726438273,0.0254089999943971,0.02679554233625623,0.008653894855303507,-0.03020814954416247,0.013400897588017406
102,TRX,2020-11-16,0.0258380006998777,0.0252330005168914,0.0254089999943971,0.0255960002541542,643168772,0.0255960002541542,0.026945811923204745,0.007359607217849289,-0.023415131457487914,0.014385912488679278
103,TRX,2020-11-17,0.0266210008412599,0.0257539991289377,0.0258699990808963,0.0264679994434118,892680900,0.0264679994434118,0.022347915704781462,0.023115592723661572,-0.032568336460830356,0.02772386187090587
104,TRX,2020-11-18,0.0270770005881786,0.0252519994974136,0.0264679994434118,0.0268220007419586,1224808279,0.0268220007419586,0.017341874258372105,0.013374690418278538,-0.06740041552319376,0.06217334372693162
105,TRX,2020-11-19,0.0268740002065897,0.0253710001707077,0.0268220007419586,0.0258019994944334,843848867,0.0258019994944334,0.012921687497625102,-0.038028529539542416,-0.05592766332990699,0.01698787280066768
106,TRX,2020-11-20,0.0265229996293783,0.0257959999144077,0.0258019994944334,0.0262700002640485,910566105,0.0262700002640485,0.008961055914520477,0.018138159010353767,-0.027410161939803314,0.018374955466489217
107,TRX,2020-11-21,0.0304790008813142,0.0262049995362758,0.0262700002640485,0.0303349997848272,1971506924,0.0303349997848272,0.0021631211729220587,0.15473922649105598,-0.14022773783436804,0.15760352305422504
108,TRX,2020-11-22,0.0306710004806518,0.0274790003895759,0.0303349997848272,0.0286989994347095,1963692552,0.0286989994347095,-0.004974294955488473,-0.0539311146109184,-0.10407225199874101,0.04439750456120686
109,TRX,2020-11-23,0.0316740013659,0.0282930005341768,0.0286989994347095,0.0316729992628097,1693209297,0.0316729992628097,-0.0151553849802223,0.10362730013867123,-0.10674372311428769,0.11946413122743901
110,TRX,2020-11-24,0.0387439988553524,0.0315550006926059,0.0316790007054805,0.0350669994950294,2856540897,0.0350669994950294,-0.03065151453909063,0.10694777973103092,-0.18555126923232793,0.1112976937201096
111,TRX,2020-11-25,0.0372840017080307,0.032074999064207,0.0350769981741905,0.0331059992313385,2303332553,0.0331059992313385,-0.04310547993638547,-0.05619063903541928,-0.1397114688657929,0.03214342002216953
112,TRX,2020-11-26,0.0338120013475418,0.0274749994277954,0.0330980010330677,0.0293869990855455,2248209134,0.0293869990855455,-0.05077738917321761,-0.11212163368460218,-0.18741871723624295,0.06959052584422643
113,TRX,2020-11-27,0.0301660001277923,0.028261000290513,0.0293979998677968,0.0293630007654428,1242017588,0.0293630007654428,-0.05852260537221175,-0.0011905266518604171,-0.06315056120165562,0.03899368258736872
114,TRX,2020-11-28,0.0311559997498989,0.0287170000374317,0.0293669998645782,0.0304349996149539,1124450214,0.0304349996149539,-0.06582136084612705,0.03636734277592651,-0.07828346809750873,0.05982517586387309
115,TRX,2020-11-29,0.0311769992113113,0.0296420007944107,0.0304380003362894,0.030698999762535,893286078,0.030698999762535,-0.07273544900813897,0.008574788861357253,-0.04923496345805111,0.03565882665800383
116,TRX,2020-11-30,0.0328570008277893,0.0303579997271299,0.0307010002434253,0.032320000231266,1234758185,0.032320000231266,-0.08104498765037188,0.052734437803452806,-0.07605688400341855,0.06462878061042761
117,TRX,2020-12-01,0.0339960008859634,0.0296940002590417,0.032320000231266,0.0302770007401704,1616257102,0.0302770007401704,-0.08644806245515571,-0.06321161746525074,-0.12654431447252817,0.019633612044277476
118,TRX,2020-12-02,0.0313040018081665,0.0299120005220174,0.0302799995988607,0.0311960000544786,840203817,0.0311960000544786,-0.08899094891377858,0.030251006200553786,-0.044467199263512586,0.042925899640717254
119,TRX,2020-12-03,0.0319069996476173,0.0308539997786283,0.0312040001153945,0.0316409990191459,673624677,0.0316409990191459,-0.09110735048712784,0.014004579609516506,-0.03300215879331769,0.025507203155641905
120,TRX,2020-12-04,0.031700000166893,0.0291959997266531,0.0316429995000362,0.0295529998838901,823071021,0.0295529998838901,-0.09307591372210845,-0.06604935212111314,-0.07899054974942996,0.012227707925037913
121,TRX,2020-12-05,0.0305889993906021,0.0292670000344514,0.0295480005443096,0.0305720008909702,684866342,0.0305720008909702,-0.09599319902707196,0.034655486929649586,-0.04321813012807668,0.04458949858142709
122,TRX,2020-12-06,0.0309909991919994,0.0301050003618001,0.0305720008909702,0.0309250000864267,716011957,0.0309250000864267,-0.09112735406133607,0.011546486496432225,-0.028588908176540143,0.027237990857727698
123,TRX,2020-12-07,0.0309820007532835,0.0299800001084804,0.030919000506401,0.030316999182105,614032135,0.030316999182105,-0.08803393487792524,-0.01947027117423708,-0.032341379524913554,0.011240796277691492
124,TRX,2020-12-08,0.030316000804305,0.0276280008256435,0.030316000804305,0.0278489999473094,780286048,0.0278489999473094,-0.0759989808296733,-0.0813761971086,-0.0886660478739594,0.007999099285561558
125,TRX,2020-12-09,0.0288469996303319,0.0270770005881786,0.0278479997068643,0.0287100002169609,888645741,0.0287100002169609,-0.05642687681463592,0.030953767565722955,-0.061358167741375425,0.06030947273736229
126,TRX,2020-12-10,0.0287970006465911,0.0278379991650581,0.0287089999765157,0.0281460005789995,581956183,0.0281460005789995,-0.040999789730106866,-0.01961055411114083,-0.03330213077751631,0.0110640643429574
127,TRX,2020-12-11,0.0281920004636049,0.0272799991071224,0.0281419996172189,0.0278190001845359,604593707,0.0278190001845359,-0.03408664244582155,-0.011477486926173088,-0.03234965030806763,0.01975810465744388
128,TRX,2020-12-12,0.0287640001624822,0.0277890004217624,0.0278140008449554,0.0285720005631446,599944339,0.0285720005631446,-0.027973136166900607,0.02725245182865086,-0.033896528132812416,0.02817662130693298
129,TRX,2020-12-13,0.0296470001339912,0.0284919999539852,0.0285749994218349,0.0291840005666017,507399199,0.0291840005666017,-0.020694031523660252,0.021312376451054167,-0.03895841652733546,0.02428754084424004
130,TRX,2020-12-14,0.0291939992457628,0.0286650005728006,0.0291879996657371,0.0290879998356103,458112630,0.0290879998356103,-0.012524685543417962,-0.003426059725640853,-0.01812011668935621,0.014756645887217243
131,TRX,2020-12-15,0.0294950008392334,0.0288030002266168,0.0290859993547201,0.0292060002684593,650311170,0.0292060002684593,-0.001144513147847327,0.004125727717852235,-0.023461623764259018,0.013991599440050248
132,TRX,2020-12-16,0.0311779994517564,0.0288600008934736,0.0292099993675947,0.0311760008335113,760891772,0.0311760008335113,0.003108865775129909,0.06730576886275672,-0.07434725123623083,0.08024947568734968
133,TRX,2020-12-17,0.0323630012571811,0.030486000701785,0.0311910007148981,0.0307080000638961,1226706409,0.0307080000638961,0.008922610522786619,-0.015485256642352573,-0.05799834633629987,0.007282010004615009
134,TRX,2020-12-18,0.0313629992306232,0.0301409997045993,0.0307110007852315,0.0311130005866289,816502608,0.0311130005866289,0.014826372266178089,0.013089765592748645,-0.038963095239651746,0.03224846194737459
135,TRX,2020-12-19,0.0319570004940032,0.030902000144124,0.0311099998652935,0.0312899984419345,615092281,0.0312899984419345,0.016962597825281533,0.005785875198341304,-0.033013121806509095,0.012555766487635596
136,TRX,2020-12-20,0.0326760001480579,0.030604999512434,0.031284000724554,0.031224999576807,976931379,0.031224999576807,0.020881630825422447,-0.0018859847327867402,-0.06337986982005182,0.020258130182982455
137,TRX,2020-12-21,0.0318059995770454,0.0291809998452663,0.0312290005385875,0.0293799992650747,947004005,0.0293799992650747,0.023253098397380538,-0.059207827391982014,-0.0825315904762062,0.0068194859964909515
138,TRX,2020-12-22,0.0295640006661415,0.0278810001909732,0.0293690003454685,0.0288939997553825,974116414,0.0288939997553825,0.026593944350509935,-0.016173536194577728,-0.056927358856941716,0.03633297074963873
139,TRX,2020-12-23,0.0290060006082057,0.024134000763297,0.0288789998739957,0.0248199999332427,1027482138,0.0248199999332427,0.025914648112947577,-0.14055195673199042,-0.16796523970045107,0.028424593861328097
140,TRX,2020-12-24,0.0276970006525516,0.0242740008980035,0.0248279999941587,0.0276970006525516,999870120,0.0276970006525516,0.020154959839636485,0.11555504507281662,-0.12358738036252871,0.14101506253258964
141,TRX,2020-12-25,0.0293959993869066,0.0271189995110034,0.0276929996907711,0.0284969992935657,1092567729,0.0284969992935657,0.014292311229875433,0.029032593499162932,-0.07745951569577891,0.05081307597661132
142,TRX,2020-12-26,0.0285739991813898,0.0273160003125667,0.0285030007362365,0.0277379993349313,841956308,0.0277379993349313,0.012645064988234528,-0.02683932854594623,-0.044025999330273395,0.015448785237070698
143,TRX,2020-12-27,0.0308180004358291,0.0268370006233453,0.0277420002967119,0.0288459993898868,1395277093,0.0288459993898868,0.011452960179961743,0.039795223176670155,-0.12917774534961324,0.07485928829147506
144,TRX,2020-12-28,0.0302430000156164,0.0286490004509687,0.028855999931693,0.0295320004224777,977375508,0.0295320004224777,0.00966189501438199,0.023426687426701807,-0.052706396978626946,0.030821318636236886
145,TRX,2020-12-29,0.0301530007272958,0.0265660006552934,0.0295310001820325,0.0276900008320808,1222238399,0.0276900008320808,0.009453826864162296,-0.062341246100828494,-0.11895997033407335,0.042309724800953
146,TRX,2020-12-30,0.0278420001268386,0.0265139993280172,0.0276900008320808,0.026945000514388,1108455178,0.026945000514388,0.00854080567926087,-0.026905030527469807,-0.04769775133867842,0.01625560825580034
147,TRX,2020-12-31,0.0270009990781545,0.0261679999530315,0.0269440002739429,0.0268329996615648,861613319,0.0268329996615648,0.01456416570888204,-0.0041196782678719936,-0.03085067788461767,0.025412706730621282
148,TRX,2021-01-01,0.0273320004343986,0.0265769995748996,0.0268309991806745,0.0269399993121624,740550356,0.0269399993121624,0.018401532617245347,0.004062470083723444,-0.02762332970508791,0.013658416791548975
149,TRX,2021-01-02,0.0279159992933273,0.0266139991581439,0.0269339997321367,0.0272189993411302,980910324,0.0272189993411302,0.022380110855981378,0.010581406839974496,-0.046639925782438835,0.02273240407769272
150,TRX,2021-01-03,0.0300229992717504,0.026605999097228,0.027225999161601,0.0294950008392334,1496675629,0.0294950008392334,0.026458121193020063,0.08333951911790814,-0.1138127521369114,0.10858459896386274
151,TRX,2021-01-04,0.0321739986538887,0.0272659994661808,0.029526000842452,0.0308529995381832,1768802420,0.0308529995381832,0.027632178895737998,0.044943394224363116,-0.15254551479614414,0.13155578897635894
152,TRX,2021-01-05,0.0308960005640983,0.0272450000047683,0.0308400001376867,0.0286320000886917,1715256508,0.0286320000886917,0.02678346397481525,-0.07159533200834227,-0.11817065292174185,0.05090842663537
153,TRX,2021-01-06,0.0309389997273683,0.0280259996652603,0.0286379996687173,0.0305150002241134,1636410063,0.0305150002241134,0.023256676179819618,0.06554230662438472,-0.09415301360021637,0.0888104113530817
154,TRX,2021-01-07,0.033330000936985,0.0301670003682374,0.0305279996246099,0.0310679990798234,2184194025,0.0310679990798234,0.01248054305048463,0.017688661617323444,-0.09489950434528027,0.029867030218047683
155,TRX,2021-01-08,0.0312720015645027,0.0289370007812976,0.0310800001025199,0.0306129995733499,1816169856,0.0306129995733499,0.00793576389136128,-0.015025757002238065,-0.07466745543577852,0.0579188840170168
156,TRX,2021-01-09,0.0356179997324943,0.0297010000795125,0.0306080002337694,0.0340260006487369,1942464523,0.0340260006487369,0.001968905274363579,0.11167016429895556,-0.16612386145827615,0.14561801143550546
157,TRX,2021-01-10,0.0367060005664825,0.0314619988203048,0.0340330004692077,0.0329350009560585,2238339640,0.0329350009560585,-0.004035290557818281,-0.03226278899924338,-0.14286497208214446,0.04681845372148007
158,TRX,2021-01-11,0.0329249985516071,0.0271090008318424,0.0329249985516071,0.0289629995822906,1859950567,0.0289629995822906,-0.003855319328810957,-0.12033406662437371,-0.176643826138629,0.06839052320476824
159,TRX,2021-01-12,0.0303089991211891,0.0280249994248151,0.0289559997618198,0.028558000922203,1940236521,0.028558000922203,-0.0023566328746367107,-0.0137449524413101,-0.07535714680783531,0.019018787094637613
160,TRX,2021-01-13,0.0301959998905658,0.0278329998254776,0.0285529997199773,0.0301959998905658,1188664735,0.0301959998905658,-0.006781965952982475,0.05754212120273178,-0.07825540050510056,0.08489922322081757
161,TRX,2021-01-14,0.0309330001473426,0.0293850004673004,0.0301980003714561,0.0300099998712539,1226382496,0.0300099998712539,-0.012811549152681834,-0.006225594340342565,-0.05004363212972032,0.02126933449087397
162,TRX,2021-01-15,0.0312770009040832,0.02861800044775,0.0300290007144212,0.029789999127388,1414993857,0.029789999127388,-0.021117545824725283,-0.00795902565343842,-0.08501455956367192,0.040953199430470474
163,TRX,2021-01-16,0.0310459993779659,0.0295279994606971,0.0297820009291172,0.0301530007272958,1279285483,0.0301530007272958,-0.029059615605471763,0.012457181740797062,-0.04889518610073025,0.02116639386391884
164,TRX,2021-01-17,0.0305829998105764,0.0292569994926452,0.0301440004259347,0.0301409997045993,1011001496,0.0301409997045993,-0.03684164437223697,-9.954622123807303e-05,-0.04335743145355656,0.03021499905266515
165,TRX,2021-01-18,0.0321410000324249,0.0297449994832277,0.0301500000059604,0.0316179990768432,1114043435,0.0316179990768432,-0.041281078451267626,0.04868985308764809,-0.07454654636694677,0.0629685535772703
166,TRX,2021-01-19,0.0321960002183914,0.0307539999485015,0.0316199995577335,0.030791999772191,1107368899,0.030791999772191,-0.04165505967292656,-0.02618595183819327,-0.04478818052269053,0.0012356058968957134
167,TRX,2021-01-20,0.0311370007693767,0.0292440000921487,0.0307710003107786,0.0305070001631975,1172430542,0.0305070001631975,-0.04458067824931387,-0.008579511387825287,-0.060795857997015826,0.04318834862088117
168,TRX,2021-01-21,0.0305310003459453,0.0277040004730224,0.0305109992623329,0.0277040004730224,1322491373,0.0277040004730224,-0.03960078541100123,-0.0919995692430781,-0.09259440702532838,0.0
169,TRX,2021-01-22,0.0289440006017684,0.026435999199748,0.0276939999312162,0.0286379996687173,1501863627,0.0286379996687173,-0.02960332819102114,0.034086796412425874,-0.08665012955628418,0.08329552638926886
170,TRX,2021-01-23,0.0294380001723766,0.0281610004603862,0.0286229997873306,0.029186999425292,911280721,0.029186999425292,-0.02464522347862362,0.019704420995420777,-0.04337929562174149,0.03643332794049927
171,TRX,2021-01-24,0.0306369997560977,0.0290419999510049,0.0291939992457628,0.0300200004130601,1013208322,0.0300200004130601,-0.013842920603182502,0.028293525677787573,-0.05206122720209728,0.033675382676989586
172,TRX,2021-01-25,0.0324020013213157,0.0295359995216131,0.0300159994512796,0.0295579992234706,1443220944,0.0295579992234706,-0.004158888829215752,-0.0152585366531739,-0.08845138210080868,0.0007448436556684846
173,TRX,2021-01-26,0.0299399998039007,0.0286110006272792,0.0295509994029998,0.0295129995793104,899192285,0.0295129995793104,-0.004643026262914074,-0.0012859065499336143,-0.04438875034489331,0.03152629870523261
174,TRX,2021-01-27,0.0295170005410909,0.0276089999824762,0.0295119993388652,0.0283250007778406,1150116667,0.0283250007778406,-0.005484329350114825,-0.04022087922255431,-0.06464073326009374,0.025933601210433407
175,TRX,2021-01-28,0.0291239991784095,0.0280620008707046,0.0283220000565052,0.0289990007877349,1065775730,0.0289990007877349,-0.0013097089833079142,0.023903704889450435,-0.036464714244745365,0.03339034594673124
176,TRX,2021-01-29,0.0428519994020462,0.0293799992650747,0.0300290007144212,0.0332960002124309,4817781094,0.0332960002124309,-0.0015473178941539753,0.10879481235753367,-0.314384400377085,0.13328798656613047
177,TRX,2021-01-30,0.033449999988079,0.0307860001921653,0.0333149991929531,0.0320280008018016,1966189340,0.0320280008018016,-0.0007397620014059061,-0.038631199829767204,-0.07964124953252934,0.04034303260845088
178,TRX,2021-01-31,0.0345310010015964,0.0310309994965791,0.0320359990000724,0.0316030010581016,1825939148,0.0316030010581016,0.0012122141662599694,-0.013515980630721888,-0.10135824052292874,0.018433230343919665
179,TRX,2021-02-01,0.0346870012581348,0.0312739983201026,0.0315929986536502,0.0329269990324974,1907823432,0.0329269990324974,0.001353958936068755,0.0422245572024253,-0.09839429222010886,0.0528554326656808
180,TRX,2021-02-02,0.0334310010075569,0.03235499933362,0.0329300016164779,0.0331530012190341,1453404854,0.0331530012190341,0.001991637948236558,0.006771928078030028,-0.032185745012351705,0.024663943806201658
181,TRX,2021-02-03,0.0351179987192153,0.0331569984555244,0.0331569984555244,0.0344390012323856,1315556227,0.0344390012323856,-0.00205576906558221,0.03866462094211663,-0.05584031935788845,0.03866462094211663
182,TRX,2021-02-04,0.0345939993858337,0.0323479995131492,0.0344399996101856,0.0331740006804466,1585497411,0.0331740006804466,-0.0029042312950576994,-0.03675955122149848,-0.06492455086312571,0.02553484542256269
183,TRX,2021-02-05,0.0364160016179084,0.0331070013344287,0.0331679992377758,0.0362560003995895,1696796527,0.0362560003995895,-0.015128373373083282,0.09310182202056669,-0.09086665576850227,0.09511580445934519
184,TRX,2021-02-06,0.0362630002200603,0.0336939990520477,0.0362440012395381,0.035105999559164,1882492650,0.035105999559164,-0.02460771842536237,-0.03139834569734737,-0.07084359133063277,0.041906587132478856
185,TRX,2021-02-07,0.037151999771595,0.0341660007834434,0.035105001181364,0.0359719991683959,1871100821,0.0359719991683959,-0.03322465434947684,0.024697278389272936,-0.08037249694522715,0.05285951950887007
186,TRX,2021-02-08,0.0416669994592666,0.0353170000016689,0.0359579995274543,0.0405460000038147,2844000480,0.0405460000038147,-0.048387527888470325,0.12759331822276188,-0.15239876976995712,0.14805900846330944
187,TRX,2021-02-09,0.0495570003986358,0.0403969995677471,0.0405290015041828,0.046034000813961,4192383244,0.046034000813961,-0.06846593842342404,0.13582864382212959,-0.184837676961999,0.139540097198567
188,TRX,2021-02-10,0.0493220016360282,0.0418540015816688,0.0459889993071556,0.0461889989674091,2971214151,0.0461889989674091,-0.08380472567144907,0.0043488587111391724,-0.15141315856297807,0.10357426343766714
189,TRX,2021-02-11,0.0586120001971721,0.0447780005633831,0.0461699999868869,0.0570640005171299,3849219974,0.0570640005171299,-0.11030991576832017,0.23595409428930225,-0.23602674515886013,0.27437580506427495
190,TRX,2021-02-12,0.0574570000171661,0.0521349981427192,0.0570259988307952,0.0553219988942146,3474527931,0.0553219988942146,-0.13438268783609628,-0.029881106364074782,-0.09262582231680873,0.06112977587092284
191,TRX,2021-02-13,0.0607189983129501,0.0519029982388019,0.0553160011768341,0.0596159994602203,3469891543,0.0596159994602203,-0.1523991439035153,0.07773516147054765,-0.14519343729469808,0.14860415550430145
192,TRX,2021-02-14,0.0599210001528263,0.0525330007076263,0.0596159994602203,0.0555440001189708,3066907831,0.0555440001189708,-0.16841605871120074,-0.06830380062598138,-0.1232956630623184,0.05731634155266118
193,TRX,2021-02-15,0.0560709983110427,0.0467559993267059,0.0555040016770362,0.0507460013031959,3539421366,0.0507460013031959,-0.18130065006073848,-0.0857235556010161,-0.16612864519842685,0.08533668478797772
194,TRX,2021-02-16,0.0550110004842281,0.0495849996805191,0.0507019981741905,0.0521739982068538,2771063532,0.0521739982068538,-0.19237156421555135,0.02903238699993895,-0.0986348322325943,0.052213341595560465
195,TRX,2021-02-17,0.0537259988486766,0.0491469986736774,0.052191998809576,0.0526040010154247,2330164000,0.0526040010154247,-0.20447134800521746,0.00789397254839583,-0.08522875838746714,0.07034004995301638
196,TRX,2021-02-18,0.0555250011384487,0.0523299984633922,0.0525939986109733,0.0549889989197254,1707823236,0.0549889989197254,-0.214678884142236,0.045537520857986215,-0.057541694904065396,0.05081216385269563
197,TRX,2021-02-19,0.063850000500679,0.0542269982397556,0.0549939982593059,0.0610300004482269,3547291765,0.0610300004482269,-0.2301864876588716,0.10975747136006084,-0.15071264190234526,0.1254541543751502
198,TRX,2021-02-20,0.0634739995002746,0.0557780005037784,0.0609779991209507,0.0580409988760948,3088402642,0.0580409988760948,-0.23525901987636028,-0.04816491664526941,-0.1212464797726021,0.0405715219598648
199,TRX,2021-02-21,0.0611330009996891,0.0566460005939006,0.0579940006136894,0.059468001127243,2152212761,0.059468001127243,-0.2436846845707349,0.025416430974856092,-0.07339735220607482,0.04981817787231856
200,TRX,2021-02-22,0.0594779998064041,0.0485460013151168,0.0594590008258819,0.0543759986758232,2903206916,0.0543759986758232,-0.2479396145930857,-0.08548751373982263,-0.18379902698258244,0.12009222598712757
201,TRX,2021-02-23,0.0543989986181259,0.0387759990990161,0.0543639995157718,0.0447899997234344,3354811856,0.0447899997234344,-0.24030725202951275,-0.17610918765385988,-0.28719277773440804,0.15509595533725137
202,TRX,2021-02-24,0.0497369989752769,0.0434399992227554,0.0448170006275177,0.0480279996991157,2381928515,0.0480279996991157,-0.22598822292424803,0.07164689797706898,-0.12660594491540578,0.1056169557654353
203,TRX,2021-02-25,0.0499080009758472,0.0452009998261928,0.0480180010199546,0.0452050007879734,1421732750,0.0452050007879734,-0.21012770898802718,-0.05858220192906858,-0.09431355809927829,8.851489559923883e-05
204,TRX,2021-02-26,0.0467909984290599,0.0426150001585483,0.0452580004930496,0.0451730005443096,1888660788,0.0451730005443096,-0.17750307479969563,-0.0018781198421050935,-0.08924789832905264,0.060025821336250396
205,TRX,2021-02-27,0.0482669994235038,0.0451960004866123,0.0451960004866123,0.0466060005128383,1364941497,0.0466060005128383,-0.14967637348823493,0.031197451346246095,-0.06362522994118557,0.031197451346246095
206,TRX,2021-02-28,0.0468350015580654,0.0433630011975765,0.0466060005128383,0.0456469990313053,1696557291,0.0456469990313053,-0.11922679270668259,-0.02057678133674721,-0.07413259837697153,0.052671581086422746
207,TRX,2021-03-01,0.048089999705553,0.0451489984989166,0.0456600002944469,0.0478180013597011,1633969210,0.0478180013597011,-0.09556028619951795,0.0472623970945672,-0.06115619098863918,0.05911543886955873
208,TRX,2021-03-02,0.0488430000841617,0.045584000647068,0.0478110015392303,0.046849001199007,1404555443,0.046849001199007,-0.07824658568921627,-0.020120899149831648,-0.06672398156292808,0.02775097696521208
209,TRX,2021-03-03,0.0496339984238147,0.0466689988970756,0.0468549989163875,0.0490819998085498,1291298206,0.0490819998085498,-0.06175294840859781,0.04752963277485859,-0.05973726922867602,0.05170457838180465
210,TRX,2021-03-04,0.0533349998295307,0.0485789999365806,0.0490569993853569,0.0513800010085105,2912170556,0.0513800010085105,-0.0467104781754076,0.04735311275167377,-0.08917221164622151,0.05765868123235505
211,TRX,2021-03-05,0.0514440014958381,0.0487039983272552,0.0513719990849494,0.0502690002322196,1536724580,0.0502690002322196,-0.02895779325004755,-0.021470818196229254,-0.0532618592821667,0.03213292457938939
212,TRX,2021-03-06,0.0507379993796348,0.0489270016551017,0.0502739995718002,0.0502899996936321,1188435802,0.0502899996936321,-0.0025839753795774034,0.00031825838342242584,-0.03569312441712078,0.02785778797847663
213,TRX,2021-03-07,0.0518239997327327,0.0501249991357326,0.0502859987318515,0.0517220012843608,1052201573,0.0517220012843608,0.016207729000323995,0.028556707408094628,-0.03278404997225621,0.03186039254192716
214,TRX,2021-03-08,0.053226999938488,0.0503880009055137,0.0517090000212192,0.0528130009770393,1675275515,0.0528130009770393,0.03648638480881146,0.021350266981900033,-0.053337573717384026,0.04812653861924191
215,TRX,2021-03-09,0.053481001406908,0.0521339997649192,0.0528399981558322,0.0531730018556118,1369429281,0.0531730018556118,0.04887027001589892,0.006302114144620679,-0.025186544876753453,0.019929452859508864
216,TRX,2021-03-10,0.0533359982073307,0.0508879981935024,0.0531740002334117,0.0515169985592365,1560251407,0.0515169985592365,0.04691430022734779,-0.031161877363028046,-0.045897706916673706,0.012360485538108942
217,TRX,2021-03-11,0.0518390014767646,0.0498090013861656,0.0514839999377727,0.0515060015022754,1375292625,0.0515060015022754,0.045790553836024164,0.0004273476134194689,-0.0391597066449842,0.03407014934816861
218,TRX,2021-03-12,0.0516869984567165,0.049049999564886,0.0515139997005462,0.0500419996678829,1348994992,0.0500419996678829,0.04192843143924447,-0.028574757177080468,-0.051018611460651245,0.020224263237446596
219,TRX,2021-03-13,0.0539209991693496,0.0489870011806488,0.0500480011105537,0.0528150014579296,2098551189,0.0528150014579296,0.029430427102311398,0.05528693026648003,-0.09150420178981855,0.07814318462084112
220,TRX,2021-03-14,0.0537399984896183,0.0511119998991489,0.0528240017592906,0.0513009987771511,1468032009,0.0513009987771511,0.020824615653845805,-0.028831647194764717,-0.04890209647060353,0.003697739833603118
221,TRX,2021-03-15,0.0521100014448165,0.0487230010330677,0.05129000172019,0.050840001553297,1793092433,0.050840001553297,0.008467032321776648,-0.008773643045440932,-0.0649971275732081,0.0434497152339306
222,TRX,2021-03-16,0.0529920011758804,0.0493020005524158,0.0508200004696846,0.0522969998419284,1736903544,0.0522969998419284,0.0005213346604840243,0.029063348260393366,-0.06963316239402792,0.06074802758416351
223,TRX,2021-03-17,0.055511001497507,0.0520180016756057,0.0523120015859603,0.0549749992787838,2149834412,0.0549749992787838,-0.00730339618839339,0.050906056202946096,-0.06292446051542001,0.05684565934728728
224,TRX,2021-03-18,0.0551950000226497,0.0529449991881847,0.0549350008368492,0.0535780005156993,1367777853,0.0535780005156993,-0.012229691111145882,-0.024701925921145146,-0.04076457710918912,0.01195582844877749
225,TRX,2021-03-19,0.0596409998834133,0.0526220016181468,0.0535710006952285,0.0587930008769035,2078396867,0.0587930008769035,-0.01777309839630788,0.0974781152844904,-0.11768746799998818,0.11727032551016872
226,TRX,2021-03-20,0.0682850033044815,0.058798998594284,0.058798998594284,0.0610800012946128,4489856636,0.0610800012946128,-0.027720021244743445,0.03879322360688199,-0.13891783336232105,0.03879322360688199
227,TRX,2021-03-21,0.0643299967050552,0.0588879995048046,0.0610839985311031,0.0632959976792335,2696917321,0.0632959976792335,-0.04297223833801545,0.0362124157115235,-0.08459501754992245,0.07485392968849715
228,TRX,2021-03-22,0.0662019997835159,0.0594520010054111,0.0633229985833168,0.0597640015184879,2264417503,0.0597640015184879,-0.052162988282429636,-0.05620386185828162,-0.10196064771725419,0.0052479396454360875
229,TRX,2021-03-23,0.0616860017180442,0.0578280016779899,0.0597340017557144,0.0588300004601478,2098616731,0.0588300004601478,-0.06033960680729964,-0.015133780911976485,-0.06254255313366777,0.017327224754150182
230,TRX,2021-03-24,0.0621160008013248,0.0552500002086162,0.0588040016591548,0.0560790002346038,2379532803,0.0560790002346038,-0.06291504065585429,-0.046340407925737924,-0.11053513594136866,0.015004525300586612
231,TRX,2021-03-25,0.0563369989395141,0.053677998483181,0.0560409985482692,0.05562200024724,2012758050,0.05562200024724,-0.0608060557434316,-0.007476638744549027,-0.047198120354048655,0.03621598828183048
232,TRX,2021-03-26,0.0659869983792305,0.05545299872756,0.0556050017476081,0.0649000033736229,3063327253,0.0649000033736229,-0.06642109607615843,0.16716125049694158,-0.15963750299916793,0.17036057314909023
233,TRX,2021-03-27,0.0676689967513084,0.0631669983267784,0.0648920014500618,0.0637900009751319,2597894844,0.0637900009751319,-0.07121341785901808,-0.016982069443149273,-0.06652970548795603,0.009862786975099902
234,TRX,2021-03-28,0.0648249983787536,0.0624630004167556,0.0637800022959709,0.0635629966855049,1522344813,0.0635629966855049,-0.0723221320913298,-0.0034024083200716983,-0.03643652944189123,0.017610365518948515
235,TRX,2021-03-29,0.0658050030469894,0.063399001955986,0.0635920017957687,0.0647910013794899,1402334471,0.0647910013794899,-0.07688739442727341,0.01885456582373197,-0.036562586119559176,0.02195617250363472
236,TRX,2021-03-30,0.0667160004377365,0.0643559992313385,0.0647969990968704,0.0660860016942024,1764948843,0.0660860016942024,-0.082000237445959,0.019892936637466253,-0.035373841221199936,0.026881759020555465
237,TRX,2021-03-31,0.096789002418518,0.065760001540184,0.0660879984498024,0.0923120006918907,11940378031,0.0923120006918907,-0.10072063547773782,0.3968043042188201,-0.32058395171967835,0.403771267181032
238,TRX,2021-04-01,0.0946009978652,0.0833339989185333,0.0925640016794204,0.0861200019717216,6635312741,0.0861200019717216,-0.11166021992921088,-0.06961669321532252,-0.11910021248107142,0.03343176961796676
239,TRX,2021-04-02,0.0930429995059967,0.0848790034651756,0.0861020013689994,0.0925519987940788,4510763618,0.0925519987940788,-0.12824618601984236,0.07491112079308404,-0.0877443341698687,0.09039921553804878
240,TRX,2021-04-03,0.1111640036106109,0.0887449979782104,0.0926150009036064,0.10207200050354,9374928775,0.10207200050354,-0.1442333026300454,0.1021108838488965,-0.20167504681578918,0.15017187254431838
241,TRX,2021-04-04,0.1294700056314468,0.1012789979577064,0.1021009981632232,0.1293729990720749,11560343178,0.1293729990720749,-0.16828088224964138,0.26710807337312664,-0.21774161155124824,0.277392170942493
242,TRX,2021-04-05,0.1491460055112838,0.1291230022907257,0.1293209940195083,0.1367249935865402,13973157818,0.1367249935865402,-0.1911930443228608,0.0572528816621606,-0.13425101900595804,0.058874028336936376
243,TRX,2021-04-06,0.1385850012302398,0.1118889972567558,0.1369889974594116,0.1243740022182464,10316828261,0.1243740022182464,-0.21176069492652502,-0.0920876528416297,-0.19263270726629567,0.11158384888230612
244,TRX,2021-04-07,0.1259440034627914,0.1041600033640861,0.1241530030965805,0.1102819964289665,9491738033,0.1102819964289665,-0.22736028845941486,-0.11172509984976799,-0.1729657585892218,0.05877489311786289
245,TRX,2021-04-08,0.125570997595787,0.1106249988079071,0.110676996409893,0.1230700016021728,6339334762,0.1230700016021728,-0.24924296393046977,0.11197453485620647,-0.11902428963725409,0.11249720161240954
246,TRX,2021-04-09,0.1248110011219978,0.1147020012140274,0.1231070011854171,0.1159339994192123,3535987595,0.1159339994192123,-0.2669561218198371,-0.05826639993773562,-0.08099446216354962,0.010740860596547538
247,TRX,2021-04-10,0.1274340003728866,0.1130689978599548,0.1159420013427734,0.1259829998016357,4226862320,0.1259829998016357,-0.278833125366617,0.08660363235560226,-0.11272503783054867,0.11421346422187209
248,TRX,2021-04-11,0.1268060058355331,0.1181109994649887,0.1263979971408844,0.1223530024290084,3489511001,0.1223530024290084,-0.28904724863059894,-0.03200204752744151,-0.06856935768343482,0.03591539300518028
249,TRX,2021-04-12,0.1371089965105056,0.1219040006399154,0.1222969964146614,0.129048004746437,6239467781,0.129048004746437,-0.3021817558858362,0.05520175089898006,-0.11089714211003766,0.05860352465071117
250,TRX,2021-04-13,0.1551699936389923,0.128272995352745,0.1287149935960769,0.1462980061769485,8237122751,0.1462980061769485,-0.31739026085192285,0.13660422993182275,-0.17333891466686524,0.1405206978650145
251,TRX,2021-04-14,0.1560930013656616,0.133210003376007,0.1464489996433258,0.1406940072774887,7445604413,0.1406940072774887,-0.32892201393941484,-0.0392969045869435,-0.14659848801324,0.05618199618505292
252,TRX,2021-04-15,0.1685740053653717,0.1364499926567077,0.1405310034751892,0.1646499931812286,8681561025,0.1646499931812286,-0.3272598672632918,0.17162753491828311,-0.19056326412270724,0.20666912453025058
253,TRX,2021-04-16,0.1777230054140091,0.1361850053071975,0.1643269956111908,0.162089005112648,9411593702,0.162089005112648,-0.33063565997039346,-0.013619128678272852,-0.23372325946237546,0.19021183534132796
254,TRX,2021-04-17,0.1799339950084686,0.1544689983129501,0.1616020053625106,0.1574349999427795,7661537252,0.1574349999427795,-0.327823804492994,-0.025785604642612755,-0.14152409995854304,0.019201274444858935
255,TRX,2021-04-18,0.1584150046110153,0.1249300017952919,0.1573259979486465,0.1428789943456649,7549173251,0.1428789943456649,-0.31807787096873813,-0.09182845677989793,-0.2113751970524832,0.143672394880646
256,TRX,2021-04-19,0.1477700024843216,0.1298660039901733,0.1430789977312088,0.1302389949560165,5266036570,0.1302389949560165,-0.2896998365574183,-0.08974065361649923,-0.12116125189919989,0.0028721216822181123
257,TRX,2021-04-20,0.1348060071468353,0.1176009997725486,0.1299100071191787,0.1330350041389465,5231143613,0.1330350041389465,-0.2594843394338467,0.024055090820686065,-0.12762789832908863,0.13124041799175784
258,TRX,2021-04-21,0.1353269964456558,0.1228969991207122,0.1329649984836578,0.1230800002813339,3024231904,0.1230800002813339,-0.23441520282605888,-0.0743428595123012,-0.0918515717588929,0.001489061262122037
259,TRX,2021-04-22,0.1295190006494522,0.1095319986343383,0.122809000313282,0.1101299971342086,4066582030,0.1101299971342086,-0.21533908595787263,-0.1032416447225338,-0.1543171420015002,0.0054595780897476265
260,TRX,2021-04-23,0.1123770028352737,0.0910170003771781,0.1101500019431114,0.1090250015258789,6294975868,0.1090250015258789,-0.18805939418161824,-0.010213349045726959,-0.1900744985111044,0.19785316011376922
261,TRX,2021-04-24,0.1142849996685981,0.1022809967398643,0.109104000031948,0.1027060002088546,3719956116,0.1027060002088546,-0.16407672028148984,-0.05864129473914731,-0.10503568240401484,0.004155253493190352
262,TRX,2021-04-25,0.1098169982433319,0.0968360006809234,0.1026519984006881,0.1014709994196891,2540298957,0.1014709994196891,-0.13769675157953273,-0.011504880561498064,-0.1182057219743456,0.04786441722266189
263,TRX,2021-04-26,0.1172949969768524,0.1003639996051788,0.101683996617794,0.1172949969768524,2892838739,0.1172949969768524,-0.11756197100644065,0.1535246536162072,-0.14434543508292044,0.16869592122950783
264,TRX,2021-04-27,0.1287309974431991,0.1156120002269744,0.1173629984259605,0.1257939934730529,3041272610,0.1257939934730529,-0.09636429994685082,0.07183690907838526,-0.10191016520332088,0.08807038392285202
265,TRX,2021-04-28,0.1296440064907074,0.1165329962968826,0.1259350031614303,0.1226840019226074,2371003551,0.1226840019226074,-0.06600054112426046,-0.02581491370318703,-0.10113086249586528,0.052783381713230174
266,TRX,2021-04-29,0.1252499967813491,0.1177669987082481,0.1227770000696182,0.1212650015950203,1872811999,0.1212650015950203,-0.03960774833631632,-0.01231499770918458,-0.05974449712892361,0.02970274291729238
267,TRX,2021-04-30,0.1329270005226135,0.1189479976892471,0.1212489977478981,0.1322290003299713,2368983198,0.1322290003299713,-0.011181310131557645,0.09055747087413392,-0.10516300509608122,0.11165385629626964
268,TRX,2021-05-01,0.1334490031003952,0.1276109963655471,0.1323650032281875,0.1311080008745193,1935148532,0.1311080008745193,0.01720132726839504,-0.00949648564961868,-0.04374709888582762,0.027403629848284223
269,TRX,2021-05-02,0.1321209967136383,0.1255419999361038,0.1310549974441528,0.1276530027389526,1746230679,0.1276530027389526,0.04181841157159596,-0.02595852711873812,-0.049795240281103555,0.016815112105297333
270,TRX,2021-05-03,0.1364289969205856,0.127470001578331,0.1276479959487915,0.1316139996051788,2740304989,0.1316139996051788,0.055020954373957764,0.03106984662711306,-0.06566782388255468,0.03250959422245949
271,TRX,2021-05-04,0.1317660063505172,0.1181380003690719,0.1316979974508285,0.1193939968943595,2897234578,0.1193939968943595,0.05821322966428237,-0.09342587430809556,-0.1034258103352754,0.01063160474499123
272,TRX,2021-05-05,0.146353006362915,0.1178779974579811,0.1191819980740547,0.146353006362915,5159319860,0.146353006362915,0.05365018524856946,0.22797913047218238,-0.19456388093814597,0.2415633919729943
273,TRX,2021-05-06,0.1580359935760498,0.1378539949655532,0.1464910060167312,0.1517730057239532,6468289634,0.1517730057239532,0.04553762360235488,0.03605681912389018,-0.12770507625393995,0.10096922299479284
274,TRX,2021-05-07,0.1691620051860809,0.1396339982748031,0.1520310044288635,0.1476799994707107,6775689483,0.1476799994707107,0.03547238473039177,-0.028619194976039694,-0.17455460449760288,0.05762207840008181
275,TRX,2021-05-08,0.15276700258255,0.1415130048990249,0.1475879997014999,0.1431110054254531,3500456762,0.1431110054254531,0.02306021672968579,-0.030334405812814262,-0.07366772597010153,0.01129225209773781
276,TRX,2021-05-09,0.1456789970397949,0.1353089958429336,0.1430229991674423,0.142875000834465,3448515635,0.142875000834465,0.009425930508202628,-0.0010347869492236548,-0.07118391399982345,0.05591649649306394
277,TRX,2021-05-10,0.1481389999389648,0.1220469996333122,0.1429239958524704,0.1271589994430542,4063896699,0.1271589994430542,-0.003243657513386655,-0.11030335609766473,-0.1761318782792029,0.041885501692797894
278,TRX,2021-05-11,0.1393020004034042,0.1215640008449554,0.127138003706932,0.1388259977102279,4099303989,0.1388259977102279,-0.009911570533549368,0.09193155203410378,-0.12733485166818417,0.14199924932783944
279,TRX,2021-05-12,0.1471199989318847,0.1186989992856979,0.1388950049877166,0.1186989992856979,4360921578,0.1186989992856979,-0.00896972645780323,-0.14540483801994725,-0.19318243510418656,0.0
280,TRX,2021-05-13,0.1265890002250671,0.1080529987812042,0.1192220002412796,0.1214729994535446,4797998918,0.1214729994535446,-0.014705851602886467,0.018880736841434164,-0.1464266358918002,0.12419831771179694
281,TRX,2021-05-14,0.1281670033931732,0.1194320023059845,0.1215270012617111,0.1247759982943534,3126225399,0.1247759982943534,-0.02060481820067481,0.026734774979311038,-0.06815327546039797,0.04474509248097173
282,TRX,2021-05-15,0.1269659996032714,0.1183390021324157,0.1247939988970756,0.1206910014152526,3290167007,0.1206910014152526,-0.02621391357196778,-0.0328781633578948,-0.06794730477302852,0.01987509815407371
283,TRX,2021-05-16,0.1311129927635193,0.114885002374649,0.1205540001392364,0.1195060014724731,3644579995,0.1195060014724731,-0.031548503904928325,-0.008693188658633338,-0.1237710317400789,0.04022282284292127
284,TRX,2021-05-17,0.1196350008249282,0.1087319999933242,0.1195710003376007,0.1128700003027916,3088970039,0.1128700003027916,-0.0358685608033979,-0.05604201700988764,-0.09113554358192606,0.03805687662989239
285,TRX,2021-05-18,0.1199290007352829,0.1120409965515136,0.112694002687931,0.1163859963417053,2432893290,0.1163859963417053,-0.035069615509083,0.03276122567052705,-0.06577228306254584,0.0387804457647248
286,TRX,2021-05-19,0.1178949996829032,0.0645259991288185,0.1164949983358383,0.0793320015072822,4661555306,0.0793320015072822,-0.027695486427790697,-0.3190093768783148,-0.45268247760828595,0.22945793290089592
287,TRX,2021-05-20,0.0931510031223297,0.0737179964780807,0.0790100023150444,0.089597001671791,2897823918,0.089597001671791,-0.008963012641013332,0.13399568467966877,-0.20861832930267843,0.2154020178564099
288,TRX,2021-05-21,0.0932250022888183,0.0713709965348243,0.0892489999532699,0.0779210031032562,2636925196,0.0779210031032562,0.019163979596933705,-0.12692575665772118,-0.23442215304311384,0.09177406630767623
289,TRX,2021-05-22,0.0791909992694854,0.0711710005998611,0.0780540034174919,0.0753590017557144,1963047915,0.0753590017557144,0.04989761188615015,-0.03452739825992764,-0.10127411882166563,0.05884420790146194
290,TRX,2021-05-23,0.0771609991788864,0.0557259991765022,0.0754280015826225,0.06318099796772,2311184087,0.06318099796772,0.08265196009146529,-0.16236680487268837,-0.27779578064677873,0.13377954458215133
291,TRX,2021-05-24,0.0768800005316734,0.0619909986853599,0.0629889965057373,0.076723001897335,2612529960,0.076723001897335,0.11342494194571241,0.2180381678305788,-0.193665475329692,0.23764745728244382
292,TRX,2021-05-25,0.0809160023927688,0.0716750025749206,0.0769779980182647,0.0772809982299804,2517356854,0.0772809982299804,0.1357952703134734,0.003936192412328064,-0.11420484878865003,0.07821409771419197
293,TRX,2021-05-26,0.0844120010733604,0.0761409997940063,0.0772539973258972,0.0832410007715225,2452202470,0.0832410007715225,0.15937498922675525,0.07749765258578172,-0.09798371291027648,0.09324806604489962
294,TRX,2021-05-27,0.0832789987325668,0.0767600014805793,0.0832519978284835,0.0791509971022605,1881157842,0.0791509971022605,0.17103808069688503,-0.04926008784404081,-0.07827900612640533,0.03114897831634532
295,TRX,2021-05-28,0.0800239965319633,0.0703499987721443,0.0794100016355514,0.0720869973301887,1935535999,0.0720869973301887,0.18790472297400201,-0.09221765715320468,-0.12088871062513105,0.024690811490563548
296,TRX,2021-05-29,0.0744299963116645,0.0671949982643127,0.0720769986510276,0.0687830001115799,1715969409,0.0687830001115799,0.20881793490368267,-0.04570110577711658,-0.09720540650111444,0.023632738868758645
297,TRX,2021-05-30,0.0731450021266937,0.0666539967060089,0.0687630027532577,0.0720359981060028,1308704706,0.0720359981060028,0.2240748862095076,0.04759820283720866,-0.08874161230376065,0.08074536660918198
298,TRX,2021-05-31,0.0769200026988983,0.0698790028691291,0.0719970017671585,0.0769200026988983,1317577084,0.0769200026988983,0.23754149935087993,0.06837786034008765,-0.09153665604161568,0.10075987837084253
299,TRX,2021-06-01,0.0774979963898658,0.0737520009279251,0.0768629983067512,0.0761360004544258,1680627011,0.0761360004544258,0.24839174986718973,-0.009458359267017333,-0.048336674965064816,0.032324540304072426
300,TRX,2021-06-02,0.0795629993081092,0.074593998491764,0.0761540010571479,0.0780410021543502,1309569035,0.0780410021543502,0.2601514644597084,0.024778751884438056,-0.062453663883417124,0.0462102009850938
301,TRX,2021-06-03,0.0824929997324943,0.0772370025515556,0.078074999153614,0.0821190029382705,1309491953,0.0821190029382705,0.2493178302601564,0.051796398699919866,-0.0637144630208948,0.06320805087504741
302,TRX,2021-06-04,0.0828910022974014,0.0739979967474937,0.0822099968791008,0.0772520005702972,1607401363,0.0772520005702972,0.24022955645285746,-0.0603089222360013,-0.10728553526232956,0.04397421505756789
303,TRX,2021-06-05,0.079813003540039,0.0743120014667511,0.077233999967575,0.0755959972739219,1256512914,0.0755959972739219,0.22196865290570267,-0.02120831103323389,-0.06892363185565697,0.01727844469032755
304,TRX,2021-06-06,0.077514998614788,0.0753950029611587,0.0755639970302581,0.0775069966912269,941526755,0.0775069966912269,0.20126554487768852,0.025713299154765102,-0.027349489666698628,0.02801238340896736
305,TRX,2021-06-07,0.0786139965057373,0.0713590011000633,0.0775260031223297,0.0716210007667541,1014355949,0.0716210007667541,0.17458769875772379,-0.07616802256989816,-0.09228630686832635,0.0036715713876573066
306,TRX,2021-06-08,0.0732489973306655,0.0673670023679733,0.0717480033636093,0.0726329982280731,1564333796,0.0726329982280731,0.15616358003504519,0.012334766446095654,-0.0803013717189781,0.07816877217329317
307,TRX,2021-06-09,0.075374998152256,0.0701109990477562,0.0725309997797012,0.075374998152256,1277102996,0.075374998152256,0.1411189041079628,0.03921079788218671,-0.06983746910171235,0.07508093132311841
308,TRX,2021-06-10,0.0770860016345977,0.0716049969196319,0.0753799974918365,0.0726089999079704,1488792119,0.0726089999079704,0.12734332346015673,-0.03676038307332391,-0.07110246476327566,0.014021409559801702
309,TRX,2021-06-11,0.0733190029859542,0.068570002913475,0.0726160034537315,0.069142997264862,1257136952,0.069142997264862,0.11818111190920223,-0.04782700814817459,-0.06477174919289311,0.008356341359793181
310,TRX,2021-06-12,0.0692119970917701,0.0658179968595504,0.0692119970917701,0.0681189969182014,949381460,0.0681189969182014,0.10242257340366005,-0.01579206235184138,-0.049037744536102566,0.0349600438852784
311,TRX,2021-06-13,0.0718540027737617,0.0666420012712478,0.0681089982390403,0.0715560019016265,927457428,0.0715560019016265,0.08047112176664964,0.05061010661892784,-0.07253599383912292,0.07373729084721858
312,TRX,2021-06-14,0.0728669986128807,0.0700529962778091,0.0715140029788017,0.0722519978880882,937971750,0.0722519978880882,0.06157752061874124,0.010319586074705631,-0.03861833736313895,0.03139054326182593
313,TRX,2021-06-15,0.0731619969010353,0.0709759965538978,0.0720179975032806,0.0725509971380233,997561624,0.0725509971380233,0.04643825871615373,0.007400922730716245,-0.02987890489230973,0.02219060894663826
314,TRX,2021-06-16,0.0727479979395866,0.0685330033302307,0.0717770010232925,0.0689169988036155,1076935627,0.0689169988036155,0.03443791036893817,-0.0398456633587811,-0.05793966471566999,0.005603073770669216
315,TRX,2021-06-17,0.0739490017294883,0.0687889978289604,0.0689280033111572,0.0738219991326332,1048499053,0.0738219991326332,0.019901997282694515,0.07100156085159394,-0.06977787096306762,0.07316578904357696
316,TRX,2021-06-18,0.0747620016336441,0.0683630034327507,0.0738969966769218,0.0695839971303939,1070084460,0.0695839971303939,0.026837727442964632,-0.058365018072173744,-0.08559158477658722,0.017860445509014233
317,TRX,2021-06-19,0.0702529996633529,0.0684370025992393,0.0696230009198188,0.0687220022082328,767687152,0.0687220022082328,0.02536912830511308,-0.012941107100850653,-0.025849388251259372,0.004164408115043168
318,TRX,2021-06-20,0.0686979964375495,0.0634260028600692,0.0684819966554641,0.0678329989314079,838602860,0.0678329989314079,0.027950057269996196,-0.009476910074940396,-0.07674159147090759,0.06948248151568741
319,TRX,2021-06-21,0.0680160000920295,0.0534269995987415,0.0676880031824112,0.0535839982330799,1389817967,0.0535839982330799,0.04016389705083597,-0.20836786854714356,-0.2144936555155884,0.0029385635636949535
320,TRX,2021-06-22,0.0563689991831779,0.0468209981918334,0.0535300001502037,0.0509399995207786,1562546370,0.0509399995207786,0.05379687298148169,-0.048384095313985194,-0.16938390125247946,0.08797337707472552
321,TRX,2021-06-23,0.0578229986131191,0.0494799986481666,0.0510220006108284,0.0557219982147216,1250973341,0.0557219982147216,0.06028219250160804,0.09211707788062946,-0.14428514890370292,0.12615197528479094
322,TRX,2021-06-24,0.0679259970784187,0.0578450001776218,0.057982999831438,0.0660249963402748,1612558750,0.0660249963402748,0.06407798932072295,0.13869576483134075,-0.14841146739677105,0.1414123284213862
323,TRX,2021-06-25,0.0684719979763031,0.0601719990372657,0.0661140009760856,0.0616010017693042,1546113262,0.0616010017693042,0.0649101176056186,-0.06826086971220835,-0.12121742003073835,0.023748633166624372
324,TRX,2021-06-26,0.0629419982433319,0.0589420013129711,0.0614689998328685,0.0626960024237632,1048264489,0.0626960024237632,0.06372402438511092,0.019961323500152468,-0.06355052337069002,0.06368974631280425
325,TRX,2021-06-27,0.0649169981479644,0.0610859990119934,0.0627740025520324,0.0647799968719482,839958642,0.0647799968719482,0.06364602446054321,0.03195581352731271,-0.059013806017940804,0.06047208721640999
326,TRX,2021-06-28,0.0665360018610954,0.0642860010266304,0.0647950023412704,0.0652310028672218,801639183,0.0652310028672218,0.06810533329709235,0.006728922142096969,-0.03381629150429323,0.01469996306349709
327,TRX,2021-06-29,0.0698380023241043,0.0652040019631385,0.0653079971671104,0.0676909983158111,1159746648,0.0676909983158111,0.07053654701530235,0.036488657623400485,-0.06635356405901079,0.03814177470392949
328,TRX,2021-06-30,0.0687059983611106,0.0639170035719871,0.0679199993610382,0.0681459978222847,1247099128,0.0681459978222847,0.07085172677703953,0.0033274214277473433,-0.0697027174243669,0.06616383769515508
329,TRX,2021-07-01,0.0682030022144317,0.0637829974293708,0.0681919977068901,0.0648939982056617,1006008727,0.0648939982056617,0.06969062645166371,-0.04836343870440934,-0.06480660149188605,0.017418447251889634
330,TRX,2021-07-02,0.0665929988026619,0.0633689984679222,0.064808003604412,0.0665120035409927,849413564,0.0665120035409927,0.07158570830737326,0.026293047799804386,-0.048413502811211845,0.04959846532309498
331,TRX,2021-07-03,0.0673369988799095,0.0652820020914077,0.0665659978985786,0.0668129995465278,732889830,0.0668129995465278,0.06733596447087685,0.003710627884307061,-0.030518092916001913,0.0234520603852864
332,TRX,2021-07-04,0.068181999027729,0.0651130005717277,0.0668340027332305,0.0672980025410652,844766257,0.0672980025410652,0.0641652962641618,0.006942570979726813,-0.04501185796493258,0.03355707693013676
333,TRX,2021-07-05,0.0673440024256706,0.06369099766016,0.067330002784729,0.0645740032196044,798184866,0.0645740032196044,0.062284542692535146,-0.04093271128973861,-0.05424395096716328,0.013863899010593416
334,TRX,2021-07-06,0.0663689970970153,0.0640100017189979,0.0645489990711212,0.0649349987506866,699504111,0.0649349987506866,0.045092179432226924,0.005979948335683731,-0.035543634546249384,0.014450820291325954
335,TRX,2021-07-07,0.0659729987382888,0.0642910003662109,0.0649750009179115,0.0642950013279914,742194463,0.0642950013279914,0.028229679760333543,-0.010465557219140349,-0.025495254183462147,6.223206603904748e-05
336,TRX,2021-07-08,0.0644790008664131,0.0603410005569458,0.0643699988722801,0.0611220002174377,862275730,0.0611220002174377,0.01716663656330281,-0.050458268009090944,-0.06417593718674962,0.012943100931096536
337,TRX,2021-07-09,0.0625550001859664,0.0591770000755786,0.0610259994864463,0.0621780008077621,657442032,0.0621780008077621,0.014493855052806938,0.01887722169256165,-0.05400048118208809,0.05071228227775546
338,TRX,2021-07-10,0.0629929974675178,0.0607779994606971,0.0621960014104843,0.0613779984414577,580818168,0.0613779984414577,0.009082403314408015,-0.013152018626212047,-0.03516260689075573,0.009871976473141393
339,TRX,2021-07-11,0.0625400021672248,0.0606979988515377,0.0614079982042312,0.0618229992687702,576300878,0.0618229992687702,0.006266119083122076,0.006758094656640386,-0.029453201980418828,0.01853439056506884
340,TRX,2021-07-12,0.0628560036420822,0.0595940016210079,0.061854001134634,0.060224000364542,629129064,0.060224000364542,0.00691635685347897,-0.026352390147632795,-0.0518964272633201,0.010571512675732397
341,TRX,2021-07-13,0.0607279986143112,0.0587939992547035,0.0601469986140728,0.0593390017747879,572600864,0.0593390017747879,0.006736297927111296,-0.013433701729147414,-0.031846914170359786,0.009269696346448178
342,TRX,2021-07-14,0.0602679997682571,0.0569760017096996,0.0593819990754127,0.05986899882555,648866442,0.05986899882555,0.008475374023477821,0.008201134312080529,-0.05462265333536717,0.05077571309040971
343,TRX,2021-07-15,0.0606959983706474,0.057082999497652,0.0599000006914138,0.0577160008251667,679113077,0.0577160008251667,0.011698580998967395,-0.03646076529278171,-0.0595261462037776,0.011089139202307358
344,TRX,2021-07-16,0.0587899982929229,0.055682998150587,0.0578220002353191,0.055682998150587,661820828,0.055682998150587,0.014517965651523286,-0.0369928759992213,-0.05284912795634351,0.0
345,TRX,2021-07-17,0.0566870011389255,0.0548500008881092,0.0556450001895427,0.0559949986636638,653077710,0.0559949986636638,0.016364234315686458,0.00628984586088429,-0.03240602279020324,0.020875073054061204
346,TRX,2021-07-18,0.0574770011007785,0.0555059984326362,0.0560050010681152,0.0560510009527206,571783731,0.0560510009527206,0.020770839634782854,0.0008213531600410852,-0.03429202342492445,0.009818804011711165
347,TRX,2021-07-19,0.0562749989330768,0.0533690005540847,0.0559899993240833,0.0534490011632442,613695394,0.0534490011632442,0.02766450738071919,-0.045383071825580955,-0.05163924360883533,0.0014990089439359824
348,TRX,2021-07-20,0.0542329996824264,0.0491669997572898,0.0534650012850761,0.0505580008029937,629142805,0.0505580008029937,0.033800041233428835,-0.05437202678780902,-0.09341175953389455,0.02829135502614549
349,TRX,2021-07-21,0.0551839992403984,0.0497969985008239,0.0505140013992786,0.0538230016827583,784720302,0.0538230016827583,0.04606136994993985,0.06550659602917448,-0.09761888978192894,0.08084831020222609
350,TRX,2021-07-22,0.0553559996187686,0.0530209988355636,0.0538499988615512,0.05528200045228,653910002,0.05528200045228,0.05813739974428064,0.026592416360313943,-0.042181530444503366,0.04264351231346191
351,TRX,2021-07-23,0.0562160015106201,0.0538039989769458,0.0552890002727508,0.0560269989073276,631144957,0.0560269989073276,0.06384394968196859,0.013348019152745059,-0.042905978170977466,0.04131663022546567
352,TRX,2021-07-24,0.0579870007932186,0.0557960011065006,0.055987000465393,0.0573469996452331,626451716,0.0573469996452331,0.06468563848885936,0.02429133849884943,-0.03778432505124893,0.027797664850067533
353,TRX,2021-07-25,0.0581079982221126,0.0559200011193752,0.0573480017483234,0.0578799992799758,653096000,0.0578799992799758,0.06661351406118034,0.009276653334620421,-0.03765397483447935,0.03505003793573778
354,TRX,2021-07-26,0.0633929967880249,0.0577250011265277,0.0579140000045299,0.0585540011525154,1123235539,0.0585540011525154,0.06808202556193357,0.011050888350579146,-0.08941043882891332,0.014361195492583976
355,TRX,2021-07-27,0.0606810003519058,0.0569679997861385,0.0584940016269683,0.0601789988577365,951725023,0.0601789988577365,0.06576904503254848,0.02880632515986629,-0.06118884896812167,0.05636496074379112
356,TRX,2021-07-28,0.0618260018527507,0.0597120001912117,0.0602470003068447,0.0605169981718063,897792708,0.0605169981718063,0.06203457306771577,0.004481515487683604,-0.034192760298067816,0.013481343415340463
357,TRX,2021-07-29,0.0622970014810562,0.0597600005567073,0.0606539994478225,0.0617720000445842,751987635,0.0617720000445842,0.0568479823331061,0.01843242996240429,-0.0407242863064665,0.033667996471447116
358,TRX,2021-07-30,0.0632719993591308,0.0599029995501041,0.0618669986724853,0.0632719993591308,820238094,0.0632719993591308,0.04811769643163249,0.022710018536431124,-0.05324629920265864,0.05624092005958405
359,TRX,2021-07-31,0.0646980032324791,0.0624159984290599,0.0632179975509643,0.0640949979424476,848178786,0.0640949979424476,0.038340678289868216,0.013872637942641217,-0.03527164192717474,0.026900146687487615
360,TRX,2021-08-01,0.0667919963598251,0.0625550001859664,0.0640050023794174,0.0633179992437362,895682088,0.0633179992437362,0.02847219177380807,-0.010733585034630557,-0.063435686980113,0.01219725130687434
361,TRX,2021-08-02,0.0656879991292953,0.0623439997434616,0.0632470026612281,0.0646919980645179,820616993,0.0646919980645179,0.01768582061063785,0.022846859811360278,-0.05090731077455436,0.03766197758754727
